obs_id,site_code,obs_year,obs_value,arable_prop,area,clay1_mean,forest_prop,grassland_prop,k1_mean,limestone_prop,livestock_density,other_prop,precip_mean,rock1_mean,sand1_mean,silt1_mean,slope_mean,soc1_mean,stream_density,twi_mean,urban_prop,water_prop,wetland_prop
1,SJA0088000,2016,1.138,0.122,704297025.0,21.031,0.706,0.035,59.083,0.003,0.08,0.025,830.366,4.072,65.292,13.677,0.875,8.971,0.001,9.851,0.012,0.004,0.084
2,SJA0088000,2017,1.175,0.122,704297025.0,21.031,0.706,0.035,59.083,0.003,0.08,0.025,895.066,4.072,65.292,13.677,0.875,8.971,0.001,9.851,0.012,0.004,0.084
3,SJA0106000,2016,5.967,0.428,26553800.0,25.857,0.491,0.025,16.544,1.0,0.057,0.016,784.874,5.801,55.326,18.817,0.813,8.528,0.0,10.252,0.018,0.0,0.021
4,SJA0106000,2017,4.175,0.428,26553800.0,25.857,0.491,0.025,16.544,1.0,0.057,0.016,818.512,5.801,55.326,18.817,0.813,8.528,0.0,10.252,0.018,0.0,0.021
5,SJA0106000,2018,4.225,0.428,26553800.0,25.857,0.491,0.025,16.544,1.0,0.057,0.016,549.242,5.801,55.326,18.817,0.813,8.528,0.0,10.252,0.018,0.0,0.021
6,SJA0106000,2019,4.625,0.428,26553800.0,25.857,0.491,0.025,16.544,1.0,0.057,0.016,709.315,5.801,55.326,18.817,0.813,8.528,0.0,10.252,0.018,0.0,0.021
7,SJA0106000,2020,5.95,0.428,26553800.0,25.857,0.491,0.025,16.544,1.0,0.057,0.016,752.155,5.801,55.326,18.817,0.813,8.528,0.0,10.252,0.018,0.0,0.021
8,SJA0112000,2017,1.265,0.45,46671675.0,16.933,0.414,0.051,26.083,0.0,0.096,0.029,867.688,3.445,68.204,14.863,2.209,5.186,0.001,9.187,0.024,0.009,0.024
9,SJA0135000,2019,3.9,0.304,440956775.0,32.851,0.496,0.032,22.167,1.0,0.113,0.013,789.183,4.833,48.003,19.146,1.239,12.827,0.0,9.927,0.016,0.005,0.135
10,SJA0135000,2020,5.175,0.304,440956775.0,32.851,0.496,0.032,22.167,1.0,0.113,0.013,837.686,4.833,48.003,19.146,1.239,12.827,0.0,9.927,0.016,0.005,0.135
11,SJA0148000,2020,1.902,0.259,6058147575.0,24.511,0.561,0.041,37.835,0.44,0.113,0.021,840.909,2.551,58.263,17.226,1.117,9.521,0.001,9.825,0.021,0.007,0.086
12,SJA0228000,2017,1.87,0.295,86506875.0,27.287,0.404,0.037,22.929,1.0,0.06,0.037,876.107,3.297,52.259,20.454,1.257,12.29,0.001,9.651,0.05,0.007,0.17
13,SJA0277000,2017,3.85,0.441,287042300.0,29.568,0.45,0.036,9.47,1.0,0.195,0.014,847.407,3.325,45.579,24.853,0.854,10.214,0.001,10.301,0.017,0.003,0.039
14,SJA0301000,2016,3.817,0.281,631515650.0,30.927,0.601,0.03,19.0,0.994,0.059,0.016,851.279,2.837,50.536,18.537,1.136,11.99,0.001,10.055,0.012,0.003,0.056
15,SJA0301000,2017,3.025,0.281,631515650.0,30.927,0.601,0.03,19.0,0.994,0.059,0.016,804.907,2.837,50.536,18.537,1.136,11.99,0.001,10.055,0.012,0.003,0.056
16,SJA0301000,2018,2.73,0.281,631515650.0,30.927,0.601,0.03,19.0,0.994,0.059,0.016,568.079,2.837,50.536,18.537,1.136,11.99,0.001,10.055,0.012,0.003,0.056
17,SJA0301000,2019,2.55,0.281,631515650.0,30.927,0.601,0.03,19.0,0.994,0.059,0.016,720.401,2.837,50.536,18.537,1.136,11.99,0.001,10.055,0.012,0.003,0.056
18,SJA0301000,2020,3.4,0.281,631515650.0,30.927,0.601,0.03,19.0,0.994,0.059,0.016,757.503,2.837,50.536,18.537,1.136,11.99,0.001,10.055,0.012,0.003,0.056
19,SJA0326004,2016,1.175,0.304,332984600.0,16.796,0.52,0.066,55.464,0.0,0.093,0.021,880.892,2.534,71.358,11.845,3.007,6.408,0.001,8.48,0.028,0.019,0.043
20,SJA0400000,2020,1.325,0.093,37617350.0,19.343,0.413,0.188,71.26,0.956,0.0,0.117,815.553,13.939,65.275,15.382,1.62,10.253,0.001,9.403,0.149,0.008,0.031
21,SJA0430000,2016,3.86,0.296,738886400.0,29.768,0.582,0.033,18.214,0.995,0.063,0.018,850.521,2.972,51.292,18.94,1.151,11.235,0.001,10.032,0.017,0.005,0.05
22,SJA0430000,2017,3.075,0.296,738886400.0,29.768,0.582,0.033,18.214,0.995,0.063,0.018,807.754,2.972,51.292,18.94,1.151,11.235,0.001,10.032,0.017,0.005,0.05
23,SJA0430000,2018,2.698,0.296,738886400.0,29.768,0.582,0.033,18.214,0.995,0.063,0.018,567.963,2.972,51.292,18.94,1.151,11.235,0.001,10.032,0.017,0.005,0.05
24,SJA0430000,2019,2.75,0.296,738886400.0,29.768,0.582,0.033,18.214,0.995,0.063,0.018,720.462,2.972,51.292,18.94,1.151,11.235,0.001,10.032,0.017,0.005,0.05
25,SJA0430000,2020,4.35,0.296,738886400.0,29.768,0.582,0.033,18.214,0.995,0.063,0.018,755.966,2.972,51.292,18.94,1.151,11.235,0.001,10.032,0.017,0.005,0.05
26,SJA0451000,2020,3.05,0.227,1210862825.0,28.022,0.576,0.04,45.514,0.824,0.065,0.021,833.123,3.95,56.929,15.049,1.298,11.479,0.0,9.751,0.017,0.009,0.11
27,SJA0561000,2017,4.0,0.404,226442825.0,30.177,0.483,0.04,9.325,1.0,0.13,0.013,845.871,3.392,45.707,24.116,0.816,10.436,0.0,10.352,0.015,0.002,0.042
28,SJA0664000,2016,2.057,0.324,327415225.0,16.609,0.525,0.057,58.004,0.0,0.182,0.023,875.182,2.638,72.166,11.225,3.187,6.426,0.001,8.478,0.028,0.009,0.035
29,SJA0664000,2017,1.167,0.324,327415225.0,16.609,0.525,0.057,58.004,0.0,0.182,0.023,832.186,2.638,72.166,11.225,3.187,6.426,0.001,8.478,0.028,0.009,0.035
30,SJA0664000,2018,1.269,0.324,327415225.0,16.609,0.525,0.057,58.004,0.0,0.182,0.023,586.319,2.638,72.166,11.225,3.187,6.426,0.001,8.478,0.028,0.009,0.035
31,SJA0664000,2019,1.26,0.324,327415225.0,16.609,0.525,0.057,58.004,0.0,0.182,0.023,713.961,2.638,72.166,11.225,3.187,6.426,0.001,8.478,0.028,0.009,0.035
32,SJA0664000,2020,1.303,0.324,327415225.0,16.609,0.525,0.057,58.004,0.0,0.182,0.023,719.066,2.638,72.166,11.225,3.187,6.426,0.001,8.478,0.028,0.009,0.035
33,SJA0680000,2017,5.125,0.347,142521850.0,22.883,0.535,0.045,37.001,1.0,0.188,0.017,738.216,5.538,60.394,16.723,0.931,8.716,0.0,9.941,0.017,0.001,0.037
34,SJA0680000,2018,2.975,0.347,142521850.0,22.883,0.535,0.045,37.001,1.0,0.188,0.017,569.222,5.538,60.394,16.723,0.931,8.716,0.0,9.941,0.017,0.001,0.037
35,SJA0706000,2016,1.855,0.298,1045248875.0,20.58,0.459,0.08,49.16,0.0,0.081,0.026,863.501,2.589,66.251,13.168,2.873,7.477,0.001,8.65,0.029,0.017,0.025
36,SJA0813000,2020,3.25,0.452,40233750.0,18.856,0.395,0.076,11.639,0.983,0.096,0.023,787.364,7.143,59.994,21.15,2.916,6.031,0.0,9.019,0.033,0.007,0.014
37,SJA0903000,2020,1.145,0.206,265627850.0,28.408,0.515,0.051,45.941,0.669,0.023,0.029,819.272,4.394,56.382,15.21,1.21,12.003,0.0,9.916,0.019,0.018,0.161
38,SJA1010000,2019,1.285,0.035,36426200.0,33.192,0.472,0.03,52.464,0.607,0.0,0.073,830.78,1.247,51.601,15.207,1.543,14.633,0.001,9.359,0.34,0.006,0.045
39,SJA1210000,2019,3.036,0.277,473558800.0,22.452,0.597,0.046,47.8,0.853,0.101,0.016,736.511,4.78,63.826,13.722,1.441,8.892,0.0,9.782,0.014,0.003,0.047
40,SJA1210000,2020,4.2,0.277,473558800.0,22.452,0.597,0.046,47.8,0.853,0.101,0.016,755.537,4.78,63.826,13.722,1.441,8.892,0.0,9.782,0.014,0.003,0.047
41,SJA1301000,2016,2.775,0.497,108274800.0,19.814,0.366,0.069,32.397,0.0,0.213,0.023,841.004,4.602,65.446,14.74,2.176,6.351,0.001,8.945,0.035,0.002,0.008
42,SJA1321000,2016,3.117,0.142,20482150.0,42.314,0.633,0.023,11.418,1.0,0.0,0.012,830.753,1.994,37.844,19.842,1.217,17.985,0.0,9.821,0.009,0.003,0.178
43,SJA1323000,2019,2.0,0.278,135802925.0,23.839,0.56,0.031,21.102,0.603,0.015,0.014,844.634,4.1,55.922,20.239,0.777,9.453,0.0,10.208,0.016,0.012,0.089
44,SJA1334000,2017,2.68,0.249,102504825.0,16.778,0.63,0.047,61.974,1.0,0.061,0.025,834.579,2.493,68.97,14.252,0.807,6.652,0.0,9.793,0.014,0.003,0.032
45,SJA1334000,2019,4.575,0.249,102504825.0,16.778,0.63,0.047,61.974,1.0,0.061,0.025,847.041,2.493,68.97,14.252,0.807,6.652,0.0,9.793,0.014,0.003,0.032
46,SJA1361000,2016,1.195,0.089,591638725.0,24.643,0.702,0.031,36.952,1.0,0.006,0.015,893.075,1.638,52.575,22.782,0.917,10.513,0.001,9.941,0.008,0.005,0.15
47,SJA1361000,2017,0.97,0.089,591638725.0,24.643,0.702,0.031,36.952,1.0,0.006,0.015,804.745,1.638,52.575,22.782,0.917,10.513,0.001,9.941,0.008,0.005,0.15
48,SJA1361000,2018,0.839,0.089,591638725.0,24.643,0.702,0.031,36.952,1.0,0.006,0.015,574.131,1.638,52.575,22.782,0.917,10.513,0.001,9.941,0.008,0.005,0.15
49,SJA1361000,2019,0.852,0.089,591638725.0,24.643,0.702,0.031,36.952,1.0,0.006,0.015,728.7,1.638,52.575,22.782,0.917,10.513,0.001,9.941,0.008,0.005,0.15
50,SJA1361000,2020,1.022,0.089,591638725.0,24.643,0.702,0.031,36.952,1.0,0.006,0.015,748.378,1.638,52.575,22.782,0.917,10.513,0.001,9.941,0.008,0.005,0.15
51,SJA1389000,2019,3.975,0.437,84648575.0,21.777,0.396,0.037,32.395,1.0,0.573,0.025,845.231,4.55,59.178,19.046,1.155,7.926,0.0,9.833,0.039,0.004,0.062
52,SJA1417000,2020,3.1,0.253,420919500.0,22.82,0.626,0.039,48.98,0.895,0.087,0.014,754.186,4.587,63.594,13.586,1.439,9.055,0.0,9.768,0.013,0.003,0.052
53,SJA1456000,2018,1.7,0.226,41853625.0,20.399,0.543,0.076,55.069,0.385,0.002,0.045,610.491,7.369,63.158,16.443,1.307,8.237,0.001,9.537,0.06,0.004,0.046
54,SJA1456000,2020,1.75,0.226,41853625.0,20.399,0.543,0.076,55.069,0.385,0.002,0.045,903.106,7.369,63.158,16.443,1.307,8.237,0.001,9.537,0.06,0.004,0.046
55,SJA1460000,2020,4.05,0.267,119836875.0,22.841,0.609,0.032,50.752,0.993,0.132,0.025,835.771,3.962,64.165,12.994,1.441,9.226,0.0,9.728,0.019,0.006,0.042
56,SJA1550000,2020,6.175,0.492,55693625.0,19.501,0.338,0.089,18.046,0.976,0.07,0.02,798.098,8.187,59.94,20.559,2.202,6.475,0.0,9.422,0.023,0.002,0.037
57,SJA1579000,2019,2.275,0.3,94797950.0,26.879,0.404,0.039,22.661,1.0,0.055,0.039,836.325,3.311,52.951,20.17,1.26,12.188,0.001,9.647,0.055,0.008,0.155
58,SJA1642000,2017,1.522,0.13,235484950.0,31.692,0.497,0.026,33.265,1.0,0.015,0.009,852.958,2.235,49.719,18.589,0.75,13.77,0.0,10.131,0.007,0.024,0.307
59,SJA1688000,2017,2.4,0.158,50865875.0,26.267,0.583,0.028,47.884,1.0,0.034,0.012,842.697,3.515,59.474,14.26,0.888,11.01,0.0,10.165,0.012,0.063,0.143
60,SJA1731000,2020,0.75,0.099,483170175.0,25.686,0.715,0.027,42.143,0.647,0.015,0.015,734.418,3.503,55.941,18.373,0.945,10.788,0.0,9.952,0.011,0.008,0.126
61,SJA1764000,2016,11.933,0.735,11005600.0,18.103,0.182,0.04,12.4,1.0,0.091,0.006,788.83,6.565,59.037,22.859,1.187,4.255,0.0,10.359,0.036,0.0,0.001
62,SJA1807000,2016,4.075,0.336,21360300.0,27.155,0.474,0.067,38.769,1.0,0.026,0.028,687.568,3.851,56.454,16.392,0.983,9.292,0.0,9.855,0.023,0.003,0.07
63,SJA1807000,2017,2.592,0.336,21360300.0,27.155,0.474,0.067,38.769,1.0,0.026,0.028,816.259,3.851,56.454,16.392,0.983,9.292,0.0,9.855,0.023,0.003,0.07
64,SJA1807000,2018,7.275,0.336,21360300.0,27.155,0.474,0.067,38.769,1.0,0.026,0.028,571.902,3.851,56.454,16.392,0.983,9.292,0.0,9.855,0.023,0.003,0.07
65,SJA1819000,2020,1.398,0.273,188963275.0,31.913,0.448,0.061,27.877,0.886,0.033,0.034,816.556,5.497,50.813,17.274,1.241,12.792,0.0,10.031,0.024,0.007,0.155
66,SJA1861000,2016,2.9,0.298,926927675.0,29.674,0.579,0.035,17.808,0.988,0.089,0.017,846.362,3.37,50.872,19.455,1.141,10.93,0.001,9.998,0.018,0.005,0.048
67,SJA1921000,2017,2.23,0.271,50161100.0,23.382,0.578,0.053,39.381,1.0,0.04,0.025,825.708,2.844,59.221,17.398,0.935,8.153,0.0,9.73,0.015,0.003,0.055
68,SJA1934000,2016,1.778,0.243,213207725.0,22.994,0.552,0.053,52.092,0.705,0.069,0.078,963.134,4.079,62.105,14.901,1.263,8.852,0.0,9.745,0.056,0.004,0.014
69,SJA1934000,2017,1.642,0.243,213207725.0,22.994,0.552,0.053,52.092,0.705,0.069,0.078,875.257,4.079,62.105,14.901,1.263,8.852,0.0,9.745,0.056,0.004,0.014
70,SJA1934000,2018,1.626,0.243,213207725.0,22.994,0.552,0.053,52.092,0.705,0.069,0.078,653.149,4.079,62.105,14.901,1.263,8.852,0.0,9.745,0.056,0.004,0.014
71,SJA1934000,2019,1.692,0.243,213207725.0,22.994,0.552,0.053,52.092,0.705,0.069,0.078,817.298,4.079,62.105,14.901,1.263,8.852,0.0,9.745,0.056,0.004,0.014
72,SJA1934000,2020,1.6,0.243,213207725.0,22.994,0.552,0.053,52.092,0.705,0.069,0.078,771.754,4.079,62.105,14.901,1.263,8.852,0.0,9.745,0.056,0.004,0.014
73,SJA1953000,2020,3.005,0.479,98603275.0,19.724,0.356,0.086,15.247,0.962,0.079,0.021,793.528,7.754,59.503,20.773,2.481,6.476,0.0,9.266,0.028,0.004,0.027
74,SJA2004000,2018,0.65,0.0,6360450.0,41.281,0.428,0.0,35.352,1.0,0.0,0.0,619.804,0.006,41.163,17.555,0.632,20.613,0.001,10.492,0.0,0.0,0.572
75,SJA2031000,2016,1.072,0.257,209227725.0,17.394,0.564,0.069,59.104,0.0,0.086,0.022,880.48,2.195,71.169,11.434,3.286,6.813,0.001,8.271,0.024,0.02,0.045
76,SJA2031000,2017,0.857,0.257,209227725.0,17.394,0.564,0.069,59.104,0.0,0.086,0.022,861.803,2.195,71.169,11.434,3.286,6.813,0.001,8.271,0.024,0.02,0.045
77,SJA2031000,2018,0.842,0.257,209227725.0,17.394,0.564,0.069,59.104,0.0,0.086,0.022,597.817,2.195,71.169,11.434,3.286,6.813,0.001,8.271,0.024,0.02,0.045
78,SJA2043000,2017,5.775,0.712,22393000.0,28.925,0.191,0.008,9.907,1.0,0.452,0.015,846.406,3.154,47.188,23.887,0.847,10.747,0.0,10.439,0.033,0.002,0.039
79,SJA2051000,2016,2.517,0.114,475863700.0,32.822,0.632,0.031,46.848,0.87,0.018,0.011,737.429,3.002,52.228,14.95,0.792,14.248,0.0,9.616,0.008,0.003,0.202
80,SJA2051000,2017,2.375,0.114,475863700.0,32.822,0.632,0.031,46.848,0.87,0.018,0.011,819.066,3.002,52.228,14.95,0.792,14.248,0.0,9.616,0.008,0.003,0.202
81,SJA2051000,2018,1.942,0.114,475863700.0,32.822,0.632,0.031,46.848,0.87,0.018,0.011,591.031,3.002,52.228,14.95,0.792,14.248,0.0,9.616,0.008,0.003,0.202
82,SJA2051000,2019,2.09,0.114,475863700.0,32.822,0.632,0.031,46.848,0.87,0.018,0.011,854.842,3.002,52.228,14.95,0.792,14.248,0.0,9.616,0.008,0.003,0.202
83,SJA2051000,2020,2.108,0.114,475863700.0,32.822,0.632,0.031,46.848,0.87,0.018,0.011,849.453,3.002,52.228,14.95,0.792,14.248,0.0,9.616,0.008,0.003,0.202
84,SJA2073000,2017,1.372,0.298,839245825.0,19.995,0.534,0.056,41.614,0.0,0.24,0.025,879.401,3.336,65.899,14.105,1.709,7.287,0.001,9.602,0.031,0.012,0.044
85,SJA2082000,2020,2.425,0.105,2139050.0,45.364,0.443,0.197,11.108,1.0,0.0,0.206,811.439,6.512,37.388,17.248,1.511,17.029,0.001,9.432,0.036,0.005,0.008
86,SJA2095000,2019,3.507,0.284,483630550.0,22.195,0.59,0.046,48.303,0.853,0.099,0.016,736.861,4.807,64.2,13.605,1.435,8.804,0.0,9.79,0.015,0.003,0.046
87,SJA2095000,2020,3.646,0.284,483630550.0,22.195,0.59,0.046,48.303,0.853,0.099,0.016,755.788,4.807,64.2,13.605,1.435,8.804,0.0,9.79,0.015,0.003,0.046
88,SJA2111000,2019,0.892,0.075,80354500.0,36.844,0.481,0.03,51.861,0.815,0.011,0.013,890.723,2.53,48.51,14.646,0.599,17.884,0.0,9.793,0.008,0.001,0.393
89,SJA2115000,2016,0.512,0.0,2315150.0,50.0,0.001,0.0,5.09,1.0,0.0,0.0,823.695,0.0,25.0,25.0,0.46,28.165,0.0,9.832,0.0,0.071,0.928
90,SJA2115000,2017,0.54,0.0,2315150.0,50.0,0.001,0.0,5.09,1.0,0.0,0.0,821.007,0.0,25.0,25.0,0.46,28.165,0.0,9.832,0.0,0.071,0.928
91,SJA2115000,2018,0.775,0.0,2315150.0,50.0,0.001,0.0,5.09,1.0,0.0,0.0,566.774,0.0,25.0,25.0,0.46,28.165,0.0,9.832,0.0,0.071,0.928
92,SJA2115000,2019,0.708,0.0,2315150.0,50.0,0.001,0.0,5.09,1.0,0.0,0.0,726.993,0.0,25.0,25.0,0.46,28.165,0.0,9.832,0.0,0.071,0.928
93,SJA2115000,2020,0.6,0.0,2315150.0,50.0,0.001,0.0,5.09,1.0,0.0,0.0,771.615,0.0,25.0,25.0,0.46,28.165,0.0,9.832,0.0,0.071,0.928
94,SJA2140000,2019,1.956,0.115,73693125.0,27.851,0.66,0.07,53.657,0.752,0.0,0.024,742.783,4.072,57.505,14.644,1.507,12.458,0.0,9.711,0.01,0.003,0.117
95,SJA2140000,2020,2.887,0.115,73693125.0,27.851,0.66,0.07,53.657,0.752,0.0,0.024,758.296,4.072,57.505,14.644,1.507,12.458,0.0,9.711,0.01,0.003,0.117
96,SJA2196000,2017,2.35,0.366,612581225.0,27.798,0.501,0.039,17.406,0.699,0.106,0.016,833.337,2.88,52.601,19.601,1.054,10.187,0.001,10.113,0.02,0.005,0.053
97,SJA2203000,2020,3.425,0.255,1558402450.0,28.457,0.554,0.048,39.678,0.788,0.062,0.021,832.835,4.516,55.444,16.099,1.258,11.333,0.0,9.751,0.02,0.008,0.094
98,SJA2287000,2019,8.977,0.457,25116350.0,22.49,0.316,0.08,25.428,0.866,0.076,0.012,780.385,8.634,58.147,19.364,1.794,8.981,0.0,9.727,0.021,0.003,0.111
99,SJA2287000,2020,7.519,0.457,25116350.0,22.49,0.316,0.08,25.428,0.866,0.076,0.012,800.186,8.634,58.147,19.364,1.794,8.981,0.0,9.727,0.021,0.003,0.111
100,SJA2302000,2016,1.747,0.295,3366484100.0,21.444,0.45,0.055,44.191,0.005,0.078,0.022,838.701,2.919,64.472,14.084,2.048,7.89,0.001,9.306,0.023,0.09,0.037
101,SJA2302000,2017,1.047,0.295,3366484100.0,21.444,0.45,0.055,44.191,0.005,0.078,0.022,848.03,2.919,64.472,14.084,2.048,7.89,0.001,9.306,0.023,0.09,0.037
102,SJA2302000,2018,1.067,0.295,3366484100.0,21.444,0.45,0.055,44.191,0.005,0.078,0.022,563.091,2.919,64.472,14.084,2.048,7.89,0.001,9.306,0.023,0.09,0.037
103,SJA2302000,2019,1.589,0.295,3366484100.0,21.444,0.45,0.055,44.191,0.005,0.078,0.022,744.326,2.919,64.472,14.084,2.048,7.89,0.001,9.306,0.023,0.09,0.037
104,SJA2302000,2020,1.392,0.295,3366484100.0,21.444,0.45,0.055,44.191,0.005,0.078,0.022,768.005,2.919,64.472,14.084,2.048,7.89,0.001,9.306,0.023,0.09,0.037
105,SJA2325000,2019,4.5,0.261,52106000.0,36.484,0.45,0.052,18.855,1.0,0.03,0.023,873.891,6.058,43.619,19.898,1.046,13.427,0.001,9.615,0.016,0.003,0.196
106,SJA2330000,2016,2.75,0.457,20946175.0,12.539,0.372,0.107,37.607,0.729,0.059,0.018,852.375,3.78,76.902,10.558,3.068,4.321,0.0,8.764,0.033,0.002,0.01
107,SJA2346000,2018,0.83,0.003,43269250.0,15.492,0.976,0.013,36.945,1.0,0.0,0.002,554.564,0.933,66.245,18.262,0.686,6.0,0.0,10.065,0.001,0.0,0.005
108,SJA2431000,2020,2.4,0.169,294659100.0,28.614,0.589,0.039,49.438,0.797,0.024,0.024,806.171,4.553,56.773,14.613,1.421,12.144,0.0,9.857,0.021,0.011,0.148
109,SJA2434000,2016,2.375,0.255,278094125.0,32.442,0.62,0.044,13.276,0.307,0.06,0.006,836.713,3.163,44.02,23.539,1.137,10.242,0.0,9.678,0.015,0.002,0.058
110,SJA2488000,2016,0.962,0.295,1027035300.0,19.92,0.505,0.065,52.521,0.036,0.06,0.027,877.885,2.656,67.731,12.349,2.866,7.558,0.001,8.7,0.035,0.024,0.049
111,SJA2589000,2016,1.455,0.181,261406325.0,23.319,0.579,0.038,51.224,0.0,0.059,0.025,850.989,3.218,63.123,13.559,1.953,9.804,0.001,9.054,0.01,0.025,0.099
112,SJA2589000,2017,0.845,0.181,261406325.0,23.319,0.579,0.038,51.224,0.0,0.059,0.025,859.316,3.218,63.123,13.559,1.953,9.804,0.001,9.054,0.01,0.025,0.099
113,SJA2589000,2018,0.755,0.181,261406325.0,23.319,0.579,0.038,51.224,0.0,0.059,0.025,556.646,3.218,63.123,13.559,1.953,9.804,0.001,9.054,0.01,0.025,0.099
114,SJA2589000,2019,1.0,0.181,261406325.0,23.319,0.579,0.038,51.224,0.0,0.059,0.025,771.632,3.218,63.123,13.559,1.953,9.804,0.001,9.054,0.01,0.025,0.099
115,SJA2589000,2020,1.04,0.181,261406325.0,23.319,0.579,0.038,51.224,0.0,0.059,0.025,792.796,3.218,63.123,13.559,1.953,9.804,0.001,9.054,0.01,0.025,0.099
116,SJA2697000,2017,1.66,0.438,41480750.0,17.39,0.4,0.058,42.126,0.0,0.028,0.032,874.148,3.261,70.55,12.06,2.978,6.18,0.001,8.838,0.045,0.012,0.015
117,SJA2741000,2019,2.1,0.183,99581775.0,29.004,0.592,0.062,24.447,0.9,0.006,0.103,735.6,6.34,49.952,21.044,1.168,11.055,0.0,9.688,0.024,0.004,0.031
118,SJA2741000,2020,0.698,0.183,99581775.0,29.004,0.592,0.062,24.447,0.9,0.006,0.103,745.645,6.34,49.952,21.044,1.168,11.055,0.0,9.688,0.024,0.004,0.031
119,SJA2751000,2019,3.05,0.433,36319950.0,22.57,0.473,0.031,24.139,1.0,0.0,0.013,861.342,5.517,57.646,19.783,0.902,7.985,0.0,9.974,0.023,0.003,0.024
120,SJA2752000,2017,1.038,0.192,299236475.0,23.887,0.645,0.027,40.211,1.0,0.017,0.016,872.543,0.783,56.834,19.279,0.969,9.651,0.001,9.524,0.01,0.006,0.103
121,SJA2802000,2016,4.35,0.624,66700925.0,18.375,0.27,0.044,11.117,1.0,0.035,0.016,803.806,5.753,56.891,24.733,1.247,5.706,0.0,10.138,0.021,0.0,0.024
122,SJA2802000,2017,4.325,0.624,66700925.0,18.375,0.27,0.044,11.117,1.0,0.035,0.016,840.686,5.753,56.891,24.733,1.247,5.706,0.0,10.138,0.021,0.0,0.024
123,SJA2802000,2018,4.7,0.624,66700925.0,18.375,0.27,0.044,11.117,1.0,0.035,0.016,564.138,5.753,56.891,24.733,1.247,5.706,0.0,10.138,0.021,0.0,0.024
124,SJA2802000,2019,3.6,0.624,66700925.0,18.375,0.27,0.044,11.117,1.0,0.035,0.016,747.807,5.753,56.891,24.733,1.247,5.706,0.0,10.138,0.021,0.0,0.024
125,SJA2802000,2020,3.3,0.624,66700925.0,18.375,0.27,0.044,11.117,1.0,0.035,0.016,792.736,5.753,56.891,24.733,1.247,5.706,0.0,10.138,0.021,0.0,0.024
126,SJA2839000,2017,1.108,0.152,77609375.0,26.769,0.62,0.051,48.065,0.969,0.062,0.019,887.818,2.123,60.077,13.154,3.099,11.341,0.0,8.506,0.017,0.034,0.107
127,SJA2954000,2020,1.522,0.232,42615425.0,24.025,0.499,0.093,47.995,0.953,0.093,0.014,778.911,5.331,60.986,14.989,0.987,12.107,0.0,9.876,0.011,0.002,0.149
128,SJA3019000,2019,1.572,0.24,118891750.0,28.459,0.584,0.052,19.419,0.832,0.059,0.015,895.831,7.351,50.513,21.028,1.186,10.287,0.0,9.712,0.024,0.008,0.077
129,SJA3124000,2016,1.917,0.344,240503125.0,19.65,0.47,0.1,39.615,0.0,0.036,0.016,858.075,3.065,66.981,13.369,3.507,6.884,0.001,8.334,0.033,0.012,0.024
130,SJA3124000,2017,1.45,0.344,240503125.0,19.65,0.47,0.1,39.615,0.0,0.036,0.016,816.368,3.065,66.981,13.369,3.507,6.884,0.001,8.334,0.033,0.012,0.024
131,SJA3124000,2018,1.312,0.344,240503125.0,19.65,0.47,0.1,39.615,0.0,0.036,0.016,571.326,3.065,66.981,13.369,3.507,6.884,0.001,8.334,0.033,0.012,0.024
132,SJA3124000,2019,1.38,0.344,240503125.0,19.65,0.47,0.1,39.615,0.0,0.036,0.016,707.057,3.065,66.981,13.369,3.507,6.884,0.001,8.334,0.033,0.012,0.024
133,SJA3124000,2020,1.375,0.344,240503125.0,19.65,0.47,0.1,39.615,0.0,0.036,0.016,717.633,3.065,66.981,13.369,3.507,6.884,0.001,8.334,0.033,0.012,0.024
134,SJA3251000,2019,2.26,0.303,1485631450.0,24.698,0.517,0.04,26.246,0.794,0.107,0.014,854.688,3.073,54.723,20.579,0.897,9.544,0.0,9.806,0.02,0.005,0.1
135,SJA3251000,2020,2.475,0.303,1485631450.0,24.698,0.517,0.04,26.246,0.794,0.107,0.014,882.649,3.073,54.723,20.579,0.897,9.544,0.0,9.806,0.02,0.005,0.1
136,SJA3336000,2020,8.0,0.489,79572825.0,24.751,0.344,0.096,11.809,0.534,0.017,0.028,782.934,8.33,53.126,22.122,1.317,8.112,0.0,10.022,0.025,0.001,0.017
137,SJA3363000,2019,0.752,0.133,47045675.0,13.35,0.676,0.08,95.344,0.626,0.007,0.017,813.756,5.85,78.152,8.498,1.431,7.478,0.001,9.721,0.015,0.007,0.072
138,SJA3440000,2017,1.44,0.191,155933200.0,23.02,0.755,0.014,39.344,1.0,0.001,0.007,852.479,1.238,60.508,16.471,0.939,8.322,0.001,9.809,0.005,0.001,0.026
139,SJA3473000,2017,2.975,0.161,26469500.0,37.241,0.49,0.029,8.655,1.0,0.0,0.014,864.125,2.256,39.905,22.853,0.81,16.816,0.001,10.288,0.022,0.01,0.274
140,SJA3476000,2016,1.622,0.075,354436300.0,33.579,0.612,0.014,35.025,0.627,0.006,0.104,945.94,10.093,46.413,20.008,2.868,14.791,0.0,8.874,0.012,0.017,0.167
141,SJA3476000,2017,1.55,0.075,354436300.0,33.579,0.612,0.014,35.025,0.627,0.006,0.104,878.313,10.093,46.413,20.008,2.868,14.791,0.0,8.874,0.012,0.017,0.167
142,SJA3476000,2018,1.7,0.075,354436300.0,33.579,0.612,0.014,35.025,0.627,0.006,0.104,647.814,10.093,46.413,20.008,2.868,14.791,0.0,8.874,0.012,0.017,0.167
143,SJA3477000,2019,4.45,0.298,142259475.0,33.634,0.392,0.024,15.704,1.0,0.072,0.01,787.512,4.073,45.806,20.561,0.931,13.972,0.0,10.216,0.019,0.006,0.251
144,SJA3477000,2020,4.65,0.298,142259475.0,33.634,0.392,0.024,15.704,1.0,0.072,0.01,839.088,4.073,45.806,20.561,0.931,13.972,0.0,10.216,0.019,0.006,0.251
145,SJA3570000,2019,1.188,0.042,90116275.0,30.693,0.617,0.027,72.675,0.98,0.002,0.01,899.978,2.551,57.633,11.674,0.621,13.657,0.0,9.795,0.003,0.001,0.301
146,SJA3619000,2020,8.2,0.563,365286975.0,19.365,0.273,0.064,21.002,0.678,0.219,0.038,773.429,8.897,60.508,20.127,1.484,6.016,0.0,9.917,0.054,0.002,0.006
147,SJA3634000,2019,2.05,0.308,202450400.0,27.58,0.366,0.06,34.117,0.329,0.041,0.054,830.685,4.491,55.436,16.983,1.286,10.829,0.001,9.694,0.13,0.007,0.075
148,SJA3681000,2020,1.38,0.597,14152425.0,13.948,0.253,0.081,46.063,0.667,0.283,0.037,809.081,10.127,69.164,16.888,1.238,5.982,0.0,9.848,0.026,0.004,0.002
149,SJA3685000,2020,3.95,0.29,529453750.0,22.174,0.578,0.052,50.046,0.858,0.113,0.016,758.146,5.205,64.371,13.456,1.401,8.979,0.0,9.795,0.015,0.004,0.046
150,SJA3731000,2020,1.725,0.2,60859775.0,27.316,0.534,0.047,59.003,0.561,0.098,0.136,756.251,2.02,59.813,12.871,1.458,10.253,0.0,9.663,0.072,0.003,0.009
151,SJA3784000,2018,1.062,0.002,16069600.0,31.433,0.842,0.005,74.563,1.0,0.0,0.007,575.725,0.0,58.733,9.834,1.29,13.898,0.0,9.113,0.004,0.0,0.141
152,SJA3830000,2019,2.375,0.257,810869950.0,25.481,0.562,0.033,27.095,0.636,0.057,0.012,849.502,2.237,53.975,20.544,0.797,10.056,0.0,9.848,0.014,0.005,0.118
153,SJA3842000,2017,1.172,0.116,216891525.0,17.991,0.683,0.038,72.944,0.0,0.05,0.016,890.92,2.469,69.484,12.525,0.935,9.343,0.001,9.836,0.009,0.004,0.134
154,SJA3860000,2018,1.245,0.001,19783575.0,29.988,0.559,0.002,56.459,0.998,0.0,0.015,658.585,0.271,55.514,14.498,0.596,15.928,0.0,10.262,0.004,0.003,0.415
155,SJA3885000,2020,0.925,0.132,18027125.0,13.462,0.829,0.023,27.956,1.0,0.0,0.006,754.362,3.539,68.792,17.746,1.007,3.057,0.0,10.154,0.009,0.0,0.001
156,SJA3956000,2016,6.833,0.536,422988125.0,19.114,0.305,0.065,26.81,0.671,0.215,0.035,870.678,8.828,61.866,19.02,1.47,6.188,0.0,9.91,0.049,0.003,0.006
157,SJA3956000,2017,5.5,0.536,422988125.0,19.114,0.305,0.065,26.81,0.671,0.215,0.035,820.251,8.828,61.866,19.02,1.47,6.188,0.0,9.91,0.049,0.003,0.006
158,SJA3956000,2018,5.858,0.536,422988125.0,19.114,0.305,0.065,26.81,0.671,0.215,0.035,566.335,8.828,61.866,19.02,1.47,6.188,0.0,9.91,0.049,0.003,0.006
159,SJA3956000,2019,7.442,0.536,422988125.0,19.114,0.305,0.065,26.81,0.671,0.215,0.035,761.858,8.828,61.866,19.02,1.47,6.188,0.0,9.91,0.049,0.003,0.006
160,SJA3956000,2020,7.445,0.536,422988125.0,19.114,0.305,0.065,26.81,0.671,0.215,0.035,776.784,8.828,61.866,19.02,1.47,6.188,0.0,9.91,0.049,0.003,0.006
161,SJA3989000,2016,7.708,0.665,20779275.0,19.161,0.221,0.027,17.26,1.0,0.813,0.02,784.198,3.599,56.915,23.924,0.86,6.865,0.001,10.47,0.024,0.003,0.04
162,SJA3989000,2017,5.525,0.665,20779275.0,19.161,0.221,0.027,17.26,1.0,0.813,0.02,841.201,3.599,56.915,23.924,0.86,6.865,0.001,10.47,0.024,0.003,0.04
163,SJA3989000,2018,4.645,0.665,20779275.0,19.161,0.221,0.027,17.26,1.0,0.813,0.02,551.782,3.599,56.915,23.924,0.86,6.865,0.001,10.47,0.024,0.003,0.04
164,SJA4081000,2019,7.216,0.577,26570125.0,14.431,0.32,0.034,18.451,1.0,0.438,0.028,748.913,8.307,64.042,21.528,1.735,3.933,0.0,9.722,0.038,0.002,0.001
165,SJA4081000,2020,7.294,0.577,26570125.0,14.431,0.32,0.034,18.451,1.0,0.438,0.028,764.141,8.307,64.042,21.528,1.735,3.933,0.0,9.722,0.038,0.002,0.001
166,SJA4095000,2018,2.735,0.423,29723025.0,27.016,0.342,0.071,27.852,0.109,0.091,0.062,562.116,5.246,53.683,19.301,1.344,9.33,0.001,9.856,0.089,0.006,0.009
167,SJA4095000,2020,2.88,0.423,29723025.0,27.016,0.342,0.071,27.852,0.109,0.091,0.062,811.806,5.246,53.683,19.301,1.344,9.33,0.001,9.856,0.089,0.006,0.009
168,SJA4106000,2017,0.915,0.166,202634275.0,27.656,0.531,0.035,47.008,0.008,0.06,0.008,869.212,1.627,57.012,15.332,0.908,12.666,0.001,9.955,0.012,0.005,0.242
169,SJA4122000,2016,1.8,0.411,191264875.0,19.508,0.474,0.052,36.277,0.0,0.036,0.017,824.362,3.271,66.299,14.193,1.958,6.656,0.001,9.164,0.019,0.005,0.022
170,SJA4142000,2017,2.425,0.368,605057850.0,27.889,0.499,0.039,16.782,0.702,0.107,0.016,833.129,2.891,52.415,19.696,1.053,10.207,0.001,10.114,0.02,0.004,0.053
171,SJA4253000,2016,5.575,0.458,12521650.0,24.93,0.438,0.03,12.994,1.0,0.004,0.024,827.817,5.161,55.123,19.947,1.35,8.283,0.0,9.925,0.019,0.015,0.017
172,SJA4253000,2017,5.575,0.458,12521650.0,24.93,0.438,0.03,12.994,1.0,0.004,0.024,833.19,5.161,55.123,19.947,1.35,8.283,0.0,9.925,0.019,0.015,0.017
173,SJA4253000,2018,5.525,0.458,12521650.0,24.93,0.438,0.03,12.994,1.0,0.004,0.024,566.566,5.161,55.123,19.947,1.35,8.283,0.0,9.925,0.019,0.015,0.017
174,SJA4253000,2019,5.95,0.458,12521650.0,24.93,0.438,0.03,12.994,1.0,0.004,0.024,756.43,5.161,55.123,19.947,1.35,8.283,0.0,9.925,0.019,0.015,0.017
175,SJA4253000,2020,6.55,0.458,12521650.0,24.93,0.438,0.03,12.994,1.0,0.004,0.024,799.014,5.161,55.123,19.947,1.35,8.283,0.0,9.925,0.019,0.015,0.017
176,SJA4299000,2018,2.095,0.322,61580625.0,17.36,0.519,0.047,49.62,1.0,0.008,0.057,641.569,8.853,68.496,14.144,0.861,6.398,0.0,9.91,0.026,0.001,0.028
177,SJA4299000,2019,1.515,0.322,61580625.0,17.36,0.519,0.047,49.62,1.0,0.008,0.057,869.392,8.853,68.496,14.144,0.861,6.398,0.0,9.91,0.026,0.001,0.028
178,SJA4377000,2016,1.85,0.283,576520875.0,20.595,0.523,0.047,48.618,0.0,0.052,0.027,852.177,3.449,66.743,12.662,1.967,8.052,0.001,9.031,0.021,0.015,0.064
179,SJA4377000,2017,1.408,0.283,576520875.0,20.595,0.523,0.047,48.618,0.0,0.052,0.027,859.016,3.449,66.743,12.662,1.967,8.052,0.001,9.031,0.021,0.015,0.064
180,SJA4377000,2018,1.305,0.283,576520875.0,20.595,0.523,0.047,48.618,0.0,0.052,0.027,559.679,3.449,66.743,12.662,1.967,8.052,0.001,9.031,0.021,0.015,0.064
181,SJA4377000,2019,1.418,0.283,576520875.0,20.595,0.523,0.047,48.618,0.0,0.052,0.027,762.766,3.449,66.743,12.662,1.967,8.052,0.001,9.031,0.021,0.015,0.064
182,SJA4377000,2020,1.45,0.283,576520875.0,20.595,0.523,0.047,48.618,0.0,0.052,0.027,788.65,3.449,66.743,12.662,1.967,8.052,0.001,9.031,0.021,0.015,0.064
183,SJA4411000,2017,0.86,0.0,39453775.0,50.163,0.081,0.008,5.837,1.0,0.0,0.0,852.479,0.161,25.571,24.267,0.451,26.902,0.0,10.032,0.0,0.034,0.877
184,SJA4483000,2016,2.573,0.269,2644413600.0,27.336,0.55,0.045,23.178,0.855,0.084,0.012,767.84,3.661,51.768,20.896,0.9,9.828,0.0,9.824,0.017,0.005,0.101
185,SJA4483000,2017,2.244,0.269,2644413600.0,27.336,0.55,0.045,23.178,0.855,0.084,0.012,873.016,3.661,51.768,20.896,0.9,9.828,0.0,9.824,0.017,0.005,0.101
186,SJA4483000,2018,1.979,0.269,2644413600.0,27.336,0.55,0.045,23.178,0.855,0.084,0.012,582.319,3.661,51.768,20.896,0.9,9.828,0.0,9.824,0.017,0.005,0.101
187,SJA4483000,2019,2.458,0.269,2644413600.0,27.336,0.55,0.045,23.178,0.855,0.084,0.012,857.816,3.661,51.768,20.896,0.9,9.828,0.0,9.824,0.017,0.005,0.101
188,SJA4483000,2020,2.35,0.269,2644413600.0,27.336,0.55,0.045,23.178,0.855,0.084,0.012,881.446,3.661,51.768,20.896,0.9,9.828,0.0,9.824,0.017,0.005,0.101
189,SJA4484000,2016,2.267,0.33,443093075.0,22.415,0.522,0.048,24.9,0.022,0.054,0.016,810.267,2.873,59.431,18.154,1.54,7.9,0.001,9.46,0.021,0.007,0.057
190,SJA4484000,2017,1.692,0.33,443093075.0,22.415,0.522,0.048,24.9,0.022,0.054,0.016,839.483,2.873,59.431,18.154,1.54,7.9,0.001,9.46,0.021,0.007,0.057
191,SJA4484000,2018,1.65,0.33,443093075.0,22.415,0.522,0.048,24.9,0.022,0.054,0.016,545.729,2.873,59.431,18.154,1.54,7.9,0.001,9.46,0.021,0.007,0.057
192,SJA4484000,2019,1.605,0.33,443093075.0,22.415,0.522,0.048,24.9,0.022,0.054,0.016,720.253,2.873,59.431,18.154,1.54,7.9,0.001,9.46,0.021,0.007,0.057
193,SJA4484000,2020,1.642,0.33,443093075.0,22.415,0.522,0.048,24.9,0.022,0.054,0.016,781.237,2.873,59.431,18.154,1.54,7.9,0.001,9.46,0.021,0.007,0.057
194,SJA4524000,2019,1.765,0.103,126960925.0,24.216,0.755,0.032,58.645,1.0,0.045,0.016,842.021,2.401,61.609,14.175,0.922,9.332,0.0,9.452,0.01,0.003,0.082
195,SJA4558000,2017,1.23,0.362,174239625.0,17.908,0.413,0.08,36.636,0.0,0.805,0.038,877.237,3.901,68.856,13.236,2.392,5.923,0.001,9.324,0.072,0.02,0.015
196,SJA4586000,2020,1.265,0.496,39293275.0,20.231,0.325,0.054,38.553,0.0,0.001,0.02,727.91,5.461,68.41,11.359,1.619,7.735,0.001,9.334,0.046,0.012,0.047
197,SJA4604000,2017,1.205,0.293,568324400.0,19.438,0.54,0.051,38.29,0.0,0.086,0.03,888.595,2.96,67.133,13.428,1.56,7.236,0.001,9.788,0.023,0.006,0.038
198,SJA4658000,2016,3.05,0.518,85046625.0,20.707,0.343,0.066,24.105,0.0,0.268,0.025,840.725,4.926,63.103,16.19,2.15,6.45,0.001,8.963,0.038,0.002,0.007
199,SJA4729000,2020,3.55,0.318,47704900.0,22.214,0.425,0.102,20.236,0.514,0.261,0.031,845.603,8.991,55.658,22.128,1.096,8.901,0.0,10.084,0.064,0.004,0.055
200,SJA4784000,2017,1.332,0.12,53298625.0,19.849,0.546,0.042,50.316,0.0,0.004,0.014,878.151,3.691,65.12,15.03,0.851,10.727,0.001,9.895,0.007,0.006,0.199
201,SJA4852000,2016,6.2,0.244,64978125.0,39.916,0.512,0.135,15.11,0.361,0.02,0.017,747.665,6.489,40.107,19.977,1.11,15.84,0.0,9.814,0.017,0.006,0.069
202,SJA4852000,2020,5.0,0.244,64978125.0,39.916,0.512,0.135,15.11,0.361,0.02,0.017,823.391,6.489,40.107,19.977,1.11,15.84,0.0,9.814,0.017,0.006,0.069
203,SJA5140000,2016,3.625,0.241,1938188821.1,29.226,0.54,0.05,35.526,0.845,0.063,0.027,786.537,4.547,53.8,16.974,1.285,11.854,0.0,9.724,0.026,0.01,0.106
204,SJA5140000,2017,3.142,0.241,1938188821.1,29.226,0.54,0.05,35.526,0.845,0.063,0.027,851.73,4.547,53.8,16.974,1.285,11.854,0.0,9.724,0.026,0.01,0.106
205,SJA5140000,2018,2.48,0.241,1938188821.1,29.226,0.54,0.05,35.526,0.845,0.063,0.027,562.763,4.547,53.8,16.974,1.285,11.854,0.0,9.724,0.026,0.01,0.106
206,SJA5140000,2019,3.097,0.241,1938188821.1,29.226,0.54,0.05,35.526,0.845,0.063,0.027,795.233,4.547,53.8,16.974,1.285,11.854,0.0,9.724,0.026,0.01,0.106
207,SJA5140000,2020,3.417,0.241,1938188821.1,29.226,0.54,0.05,35.526,0.845,0.063,0.027,831.648,4.547,53.8,16.974,1.285,11.854,0.0,9.724,0.026,0.01,0.106
208,SJA5143000,2020,8.25,0.456,177338650.0,26.091,0.431,0.038,13.621,1.0,0.22,0.017,828.304,6.432,53.178,20.732,1.308,8.273,0.0,10.043,0.021,0.003,0.034
209,SJA5147000,2019,2.653,0.232,101928550.0,25.679,0.544,0.097,47.382,0.8,0.06,0.022,745.322,5.357,58.798,15.522,1.441,11.067,0.0,9.797,0.016,0.004,0.086
210,SJA5147000,2020,3.046,0.232,101928550.0,25.679,0.544,0.097,47.382,0.8,0.06,0.022,759.694,5.357,58.798,15.522,1.441,11.067,0.0,9.797,0.016,0.004,0.086
211,SJA5175000,2020,2.148,0.226,12316825.0,16.142,0.451,0.103,73.332,0.933,0.001,0.084,834.451,3.319,73.692,10.166,1.68,5.843,0.001,9.487,0.124,0.012,0.0
212,SJA5192000,2018,1.14,0.107,96906425.0,17.286,0.834,0.026,91.359,0.891,0.017,0.006,579.042,3.455,73.352,9.361,0.93,7.172,0.0,9.629,0.006,0.0,0.021
213,SJA5203000,2017,1.592,0.148,269250125.0,31.325,0.512,0.028,33.414,1.0,0.014,0.009,855.709,2.25,50.314,18.361,0.762,13.507,0.0,10.125,0.007,0.022,0.274
214,SJA5203000,2018,2.072,0.148,269250125.0,31.325,0.512,0.028,33.414,1.0,0.014,0.009,610.164,2.25,50.314,18.361,0.762,13.507,0.0,10.125,0.007,0.022,0.274
215,SJA5208000,2019,1.748,0.216,84863050.0,26.968,0.648,0.04,57.931,0.795,0.0,0.009,870.338,2.798,60.054,12.978,0.97,11.117,0.001,9.602,0.015,0.005,0.068
216,SJA5230000,2016,0.942,0.266,591372600.0,18.386,0.529,0.067,56.19,0.046,0.078,0.033,885.381,2.473,69.574,12.039,3.212,6.915,0.001,8.537,0.041,0.031,0.032
217,SJA5258000,2016,4.658,0.316,300674675.0,22.041,0.484,0.077,38.923,0.652,0.084,0.017,845.137,7.612,60.694,17.265,1.938,8.857,0.0,9.605,0.021,0.005,0.08
218,SJA5258000,2017,3.292,0.316,300674675.0,22.041,0.484,0.077,38.923,0.652,0.084,0.017,829.488,7.612,60.694,17.265,1.938,8.857,0.0,9.605,0.021,0.005,0.08
219,SJA5258000,2018,2.667,0.316,300674675.0,22.041,0.484,0.077,38.923,0.652,0.084,0.017,564.95,7.612,60.694,17.265,1.938,8.857,0.0,9.605,0.021,0.005,0.08
220,SJA5258000,2019,4.038,0.316,300674675.0,22.041,0.484,0.077,38.923,0.652,0.084,0.017,784.032,7.612,60.694,17.265,1.938,8.857,0.0,9.605,0.021,0.005,0.08
221,SJA5258000,2020,4.136,0.316,300674675.0,22.041,0.484,0.077,38.923,0.652,0.084,0.017,800.898,7.612,60.694,17.265,1.938,8.857,0.0,9.605,0.021,0.005,0.08
222,SJA5317000,2016,7.175,0.51,109004800.0,14.134,0.339,0.044,25.344,0.963,0.123,0.04,859.791,8.971,66.012,19.854,1.644,3.954,0.0,9.8,0.065,0.001,0.0
223,SJA5317000,2019,9.4,0.51,109004800.0,14.134,0.339,0.044,25.344,0.963,0.123,0.04,753.344,8.971,66.012,19.854,1.644,3.954,0.0,9.8,0.065,0.001,0.0
224,SJA5317000,2020,9.65,0.51,109004800.0,14.134,0.339,0.044,25.344,0.963,0.123,0.04,769.801,8.971,66.012,19.854,1.644,3.954,0.0,9.8,0.065,0.001,0.0
225,SJA5357000,2016,3.075,0.215,97323725.0,25.715,0.714,0.028,10.666,1.0,0.08,0.007,818.058,4.25,49.827,24.458,0.967,7.558,0.001,9.923,0.012,0.001,0.022
226,SJA5550000,2016,1.85,0.419,12797750.0,19.225,0.278,0.079,19.98,0.0,0.279,0.026,820.644,3.542,63.204,17.571,1.964,6.523,0.0,9.862,0.103,0.003,0.092
227,SJA5636000,2016,2.075,0.301,6195145299.16,25.586,0.484,0.046,31.874,0.416,0.091,0.019,830.901,3.321,57.368,17.046,1.587,9.61,0.001,9.622,0.021,0.052,0.062
228,SJA5660000,2017,0.99,0.176,248116825.0,18.781,0.6,0.046,46.083,0.0,0.108,0.032,914.262,3.171,65.917,15.303,0.965,8.157,0.001,9.979,0.016,0.005,0.093
229,SJA5768000,2016,3.917,0.427,221519650.0,19.21,0.419,0.091,39.392,0.662,0.081,0.026,844.996,4.997,67.834,12.956,1.671,6.639,0.001,9.724,0.025,0.005,0.007
230,SJA5768000,2017,2.407,0.427,221519650.0,19.21,0.419,0.091,39.392,0.662,0.081,0.026,773.566,4.997,67.834,12.956,1.671,6.639,0.001,9.724,0.025,0.005,0.007
231,SJA5768000,2018,1.961,0.427,221519650.0,19.21,0.419,0.091,39.392,0.662,0.081,0.026,553.657,4.997,67.834,12.956,1.671,6.639,0.001,9.724,0.025,0.005,0.007
232,SJA5768000,2019,2.241,0.427,221519650.0,19.21,0.419,0.091,39.392,0.662,0.081,0.026,693.087,4.997,67.834,12.956,1.671,6.639,0.001,9.724,0.025,0.005,0.007
233,SJA5768000,2020,2.742,0.427,221519650.0,19.21,0.419,0.091,39.392,0.662,0.081,0.026,725.083,4.997,67.834,12.956,1.671,6.639,0.001,9.724,0.025,0.005,0.007
234,SJA5940000,2018,1.027,0.0,18768000.0,24.841,0.737,0.0,73.017,1.0,0.0,0.009,650.496,0.002,64.598,10.561,0.644,12.359,0.001,10.345,0.0,0.0,0.254
235,SJA5960000,2016,4.092,0.343,673081825.0,24.762,0.411,0.066,28.079,0.817,0.112,0.026,764.102,4.722,54.916,20.322,1.141,10.004,0.001,9.736,0.05,0.006,0.097
236,SJA5960000,2017,3.225,0.343,673081825.0,24.762,0.411,0.066,28.079,0.817,0.112,0.026,872.887,4.722,54.916,20.322,1.141,10.004,0.001,9.736,0.05,0.006,0.097
237,SJA5960000,2018,3.043,0.343,673081825.0,24.762,0.411,0.066,28.079,0.817,0.112,0.026,578.756,4.722,54.916,20.322,1.141,10.004,0.001,9.736,0.05,0.006,0.097
238,SJA5960000,2019,3.383,0.343,673081825.0,24.762,0.411,0.066,28.079,0.817,0.112,0.026,843.763,4.722,54.916,20.322,1.141,10.004,0.001,9.736,0.05,0.006,0.097
239,SJA5960000,2020,3.575,0.343,673081825.0,24.762,0.411,0.066,28.079,0.817,0.112,0.026,852.835,4.722,54.916,20.322,1.141,10.004,0.001,9.736,0.05,0.006,0.097
240,SJA6005000,2016,1.757,0.279,1255787150.0,19.99,0.49,0.072,54.227,0.0,0.086,0.025,863.117,2.55,67.56,12.449,2.808,7.385,0.001,8.658,0.027,0.016,0.026
241,SJA6005000,2017,1.195,0.279,1255787150.0,19.99,0.49,0.072,54.227,0.0,0.086,0.025,869.341,2.55,67.56,12.449,2.808,7.385,0.001,8.658,0.027,0.016,0.026
242,SJA6005000,2018,0.878,0.279,1255787150.0,19.99,0.49,0.072,54.227,0.0,0.086,0.025,581.164,2.55,67.56,12.449,2.808,7.385,0.001,8.658,0.027,0.016,0.026
243,SJA6005000,2019,1.108,0.279,1255787150.0,19.99,0.49,0.072,54.227,0.0,0.086,0.025,770.088,2.55,67.56,12.449,2.808,7.385,0.001,8.658,0.027,0.016,0.026
244,SJA6005000,2020,1.092,0.279,1255787150.0,19.99,0.49,0.072,54.227,0.0,0.086,0.025,771.131,2.55,67.56,12.449,2.808,7.385,0.001,8.658,0.027,0.016,0.026
245,SJA6127000,2020,7.925,0.535,272736100.0,19.559,0.292,0.068,20.406,0.633,0.077,0.039,775.663,9.469,60.017,20.423,1.426,6.214,0.0,9.946,0.057,0.002,0.007
246,SJA6180000,2016,3.242,0.23,1243763600.0,28.031,0.574,0.042,44.989,0.815,0.067,0.021,806.163,4.032,56.866,15.103,1.298,11.432,0.0,9.748,0.018,0.009,0.107
247,SJA6180000,2017,2.525,0.23,1243763600.0,28.031,0.574,0.042,44.989,0.815,0.067,0.021,853.76,4.032,56.866,15.103,1.298,11.432,0.0,9.748,0.018,0.009,0.107
248,SJA6180000,2018,2.262,0.23,1243763600.0,28.031,0.574,0.042,44.989,0.815,0.067,0.021,562.902,4.032,56.866,15.103,1.298,11.432,0.0,9.748,0.018,0.009,0.107
249,SJA6180000,2019,2.559,0.23,1243763600.0,28.031,0.574,0.042,44.989,0.815,0.067,0.021,793.848,4.032,56.866,15.103,1.298,11.432,0.0,9.748,0.018,0.009,0.107
250,SJA6180000,2020,3.208,0.23,1243763600.0,28.031,0.574,0.042,44.989,0.815,0.067,0.021,832.938,4.032,56.866,15.103,1.298,11.432,0.0,9.748,0.018,0.009,0.107
251,SJA6198000,2017,2.175,0.461,93019775.0,22.816,0.393,0.053,16.573,1.0,0.137,0.016,858.562,5.971,53.006,24.178,1.045,7.957,0.0,10.21,0.023,0.001,0.054
252,SJA6216000,2017,1.035,0.177,164809450.0,21.509,0.56,0.052,24.647,0.0,0.143,0.029,916.456,3.024,60.189,18.302,0.85,9.289,0.0,10.068,0.009,0.005,0.12
253,SJA6231000,2017,1.525,0.325,108221100.0,28.454,0.403,0.048,35.593,1.0,0.159,0.039,823.406,6.452,54.093,17.453,1.072,10.472,0.0,9.749,0.029,0.004,0.153
254,SJA6231000,2018,2.937,0.325,108221100.0,28.454,0.403,0.048,35.593,1.0,0.159,0.039,596.121,6.452,54.093,17.453,1.072,10.472,0.0,9.749,0.029,0.004,0.153
255,SJA6231000,2019,1.4,0.325,108221100.0,28.454,0.403,0.048,35.593,1.0,0.159,0.039,847.433,6.452,54.093,17.453,1.072,10.472,0.0,9.749,0.029,0.004,0.153
256,SJA6231000,2020,1.9,0.325,108221100.0,28.454,0.403,0.048,35.593,1.0,0.159,0.039,863.174,6.452,54.093,17.453,1.072,10.472,0.0,9.749,0.029,0.004,0.153
257,SJA6245000,2017,2.95,0.377,882766500.0,30.601,0.477,0.044,12.837,1.0,0.152,0.017,855.645,3.902,45.897,23.502,0.983,11.195,0.001,10.084,0.026,0.003,0.055
258,SJA6273000,2019,2.0,0.359,149470525.0,28.262,0.356,0.062,29.735,0.217,0.036,0.047,829.4,4.7,54.739,16.999,1.207,10.907,0.001,9.769,0.078,0.008,0.09
259,SJA6331000,2020,1.503,0.088,59201625.0,17.614,0.356,0.139,77.899,0.7,0.0,0.154,811.561,12.046,68.894,13.492,1.654,9.933,0.001,9.457,0.209,0.034,0.02
260,SJA6536000,2019,1.098,0.21,132848025.0,29.116,0.612,0.054,15.403,1.0,0.004,0.005,891.824,7.744,48.892,21.992,1.021,10.659,0.0,9.811,0.014,0.003,0.103
261,SJA6551000,2017,0.888,0.214,547512825.0,24.825,0.553,0.077,44.711,0.119,0.069,0.019,875.682,2.14,61.124,14.051,2.745,9.608,0.001,8.813,0.016,0.006,0.051
262,SJA6721000,2017,3.225,0.462,197803225.0,21.779,0.423,0.055,14.017,1.0,0.217,0.017,850.682,6.139,53.11,25.111,1.15,6.95,0.0,10.134,0.023,0.001,0.018
263,SJA6742000,2016,3.617,0.475,71470425.0,19.545,0.379,0.045,18.187,1.0,0.152,0.017,798.544,6.845,55.538,24.918,1.046,6.946,0.0,10.237,0.021,0.001,0.061
264,SJA6742000,2017,3.175,0.475,71470425.0,19.545,0.379,0.045,18.187,1.0,0.152,0.017,858.882,6.845,55.538,24.918,1.046,6.946,0.0,10.237,0.021,0.001,0.061
265,SJA6742000,2018,3.0,0.475,71470425.0,19.545,0.379,0.045,18.187,1.0,0.152,0.017,565.117,6.845,55.538,24.918,1.046,6.946,0.0,10.237,0.021,0.001,0.061
266,SJA6742000,2019,2.175,0.475,71470425.0,19.545,0.379,0.045,18.187,1.0,0.152,0.017,774.469,6.845,55.538,24.918,1.046,6.946,0.0,10.237,0.021,0.001,0.061
267,SJA6742000,2020,3.85,0.475,71470425.0,19.545,0.379,0.045,18.187,1.0,0.152,0.017,823.636,6.845,55.538,24.918,1.046,6.946,0.0,10.237,0.021,0.001,0.061
268,SJA6880000,2016,2.25,0.154,328692975.0,26.934,0.609,0.046,54.493,0.763,0.023,0.024,835.475,5.563,59.097,13.969,1.488,11.661,0.001,9.815,0.023,0.011,0.133
269,SJA6880000,2017,1.867,0.154,328692975.0,26.934,0.609,0.046,54.493,0.763,0.023,0.024,832.453,5.563,59.097,13.969,1.488,11.661,0.001,9.815,0.023,0.011,0.133
270,SJA6880000,2018,1.952,0.154,328692975.0,26.934,0.609,0.046,54.493,0.763,0.023,0.024,564.928,5.563,59.097,13.969,1.488,11.661,0.001,9.815,0.023,0.011,0.133
271,SJA6880000,2019,2.125,0.154,328692975.0,26.934,0.609,0.046,54.493,0.763,0.023,0.024,789.536,5.563,59.097,13.969,1.488,11.661,0.001,9.815,0.023,0.011,0.133
272,SJA6880000,2020,2.358,0.154,328692975.0,26.934,0.609,0.046,54.493,0.763,0.023,0.024,809.015,5.563,59.097,13.969,1.488,11.661,0.001,9.815,0.023,0.011,0.133
273,SJA6896000,2016,3.75,0.333,635699625.0,24.523,0.424,0.062,28.387,0.831,0.115,0.025,764.072,4.484,55.146,20.332,1.133,9.976,0.0,9.721,0.048,0.006,0.102
274,SJA6896000,2017,2.95,0.333,635699625.0,24.523,0.424,0.062,28.387,0.831,0.115,0.025,873.663,4.484,55.146,20.332,1.133,9.976,0.0,9.721,0.048,0.006,0.102
275,SJA6896000,2018,2.545,0.333,635699625.0,24.523,0.424,0.062,28.387,0.831,0.115,0.025,577.6,4.484,55.146,20.332,1.133,9.976,0.0,9.721,0.048,0.006,0.102
276,SJA6896000,2019,3.422,0.333,635699625.0,24.523,0.424,0.062,28.387,0.831,0.115,0.025,841.486,4.484,55.146,20.332,1.133,9.976,0.0,9.721,0.048,0.006,0.102
277,SJA6896000,2020,3.475,0.333,635699625.0,24.523,0.424,0.062,28.387,0.831,0.115,0.025,851.912,4.484,55.146,20.332,1.133,9.976,0.0,9.721,0.048,0.006,0.102
278,SJA7082000,2019,2.355,0.142,49715425.0,15.479,0.734,0.088,84.586,0.618,0.067,0.022,804.115,10.91,74.76,9.761,1.171,7.615,0.001,9.74,0.012,0.001,0.001
279,SJA7082000,2020,1.48,0.142,49715425.0,15.479,0.734,0.088,84.586,0.618,0.067,0.022,808.78,10.91,74.76,9.761,1.171,7.615,0.001,9.74,0.012,0.001,0.001
280,SJA7093000,2016,2.09,0.172,177863500.0,21.53,0.77,0.019,46.876,0.997,0.001,0.008,791.468,1.087,63.119,15.35,0.969,7.832,0.001,9.763,0.005,0.001,0.023
281,SJA7093000,2017,2.545,0.172,177863500.0,21.53,0.77,0.019,46.876,0.997,0.001,0.008,854.001,1.087,63.119,15.35,0.969,7.832,0.001,9.763,0.005,0.001,0.023
282,SJA7093000,2018,1.735,0.172,177863500.0,21.53,0.77,0.019,46.876,0.997,0.001,0.008,555.521,1.087,63.119,15.35,0.969,7.832,0.001,9.763,0.005,0.001,0.023
283,SJA7093000,2019,1.978,0.172,177863500.0,21.53,0.77,0.019,46.876,0.997,0.001,0.008,759.909,1.087,63.119,15.35,0.969,7.832,0.001,9.763,0.005,0.001,0.023
284,SJA7093000,2020,2.38,0.172,177863500.0,21.53,0.77,0.019,46.876,0.997,0.001,0.008,829.961,1.087,63.119,15.35,0.969,7.832,0.001,9.763,0.005,0.001,0.023
285,SJA7164000,2016,1.287,0.302,1139778225.0,19.702,0.493,0.063,50.862,0.033,0.055,0.027,873.951,2.739,67.9,12.398,2.711,7.731,0.001,8.797,0.036,0.023,0.056
286,SJA7164000,2017,1.056,0.302,1139778225.0,19.702,0.493,0.063,50.862,0.033,0.055,0.027,845.214,2.739,67.9,12.398,2.711,7.731,0.001,8.797,0.036,0.023,0.056
287,SJA7164000,2018,0.956,0.302,1139778225.0,19.702,0.493,0.063,50.862,0.033,0.055,0.027,591.801,2.739,67.9,12.398,2.711,7.731,0.001,8.797,0.036,0.023,0.056
288,SJA7164000,2019,0.938,0.302,1139778225.0,19.702,0.493,0.063,50.862,0.033,0.055,0.027,741.25,2.739,67.9,12.398,2.711,7.731,0.001,8.797,0.036,0.023,0.056
289,SJA7164000,2020,0.974,0.302,1139778225.0,19.702,0.493,0.063,50.862,0.033,0.055,0.027,723.797,2.739,67.9,12.398,2.711,7.731,0.001,8.797,0.036,0.023,0.056
290,SJA7167000,2017,1.425,0.081,106078450.0,27.44,0.76,0.022,30.181,0.55,0.024,0.012,878.616,1.096,54.809,17.75,0.793,10.708,0.001,9.49,0.014,0.003,0.108
291,SJA7233000,2017,1.925,0.218,98081775.0,17.407,0.712,0.012,89.952,1.0,0.026,0.005,702.09,1.537,75.489,7.104,0.863,7.546,0.0,9.409,0.009,0.008,0.036
292,SJA7299000,2016,3.025,0.434,102358375.0,17.058,0.441,0.055,39.633,0.0,0.148,0.021,826.24,3.59,69.264,13.678,1.617,5.394,0.001,9.185,0.037,0.004,0.007
293,SJA7333000,2020,3.225,0.269,120468750.0,23.901,0.504,0.111,45.544,0.784,0.051,0.022,763.617,5.944,60.618,15.481,1.419,10.3,0.001,9.821,0.018,0.004,0.073
294,SJA7347000,2019,2.45,0.229,1142218381.25,28.738,0.572,0.037,43.46,0.841,0.068,0.021,793.582,4.022,55.913,15.349,1.299,11.767,0.0,9.771,0.017,0.009,0.115
295,SJA7548000,2016,1.41,0.297,847684925.0,19.928,0.505,0.069,52.244,0.044,0.067,0.029,883.371,2.684,67.724,12.348,3.056,7.378,0.001,8.619,0.038,0.027,0.035
296,SJA7548000,2019,0.978,0.297,847684925.0,19.928,0.505,0.069,52.244,0.044,0.067,0.029,758.001,2.684,67.724,12.348,3.056,7.378,0.001,8.619,0.038,0.027,0.035
297,SJA7548000,2020,1.002,0.297,847684925.0,19.928,0.505,0.069,52.244,0.044,0.067,0.029,739.946,2.684,67.724,12.348,3.056,7.378,0.001,8.619,0.038,0.027,0.035
298,SJA7565000,2017,0.755,0.042,53754425.0,21.145,0.829,0.026,94.598,0.0,0.011,0.007,864.869,1.181,69.789,9.066,2.736,9.263,0.001,8.422,0.006,0.01,0.079
299,SJA7631000,2016,1.207,0.106,1764044875.0,22.896,0.348,0.042,53.897,0.092,0.03,0.011,876.443,1.937,62.719,14.385,2.776,8.811,0.0,8.63,0.009,0.006,0.031
300,SJA7631000,2017,1.135,0.106,1764044875.0,22.896,0.348,0.042,53.897,0.092,0.03,0.011,881.92,1.937,62.719,14.385,2.776,8.811,0.0,8.63,0.009,0.006,0.031
301,SJA7631000,2018,0.87,0.106,1764044875.0,22.896,0.348,0.042,53.897,0.092,0.03,0.011,599.143,1.937,62.719,14.385,2.776,8.811,0.0,8.63,0.009,0.006,0.031
302,SJA7631000,2019,0.89,0.106,1764044875.0,22.896,0.348,0.042,53.897,0.092,0.03,0.011,816.248,1.937,62.719,14.385,2.776,8.811,0.0,8.63,0.009,0.006,0.031
303,SJA7631000,2020,0.938,0.106,1764044875.0,22.896,0.348,0.042,53.897,0.092,0.03,0.011,757.284,1.937,62.719,14.385,2.776,8.811,0.0,8.63,0.009,0.006,0.031
304,SJA7675000,2016,1.8,0.351,930164575.0,17.46,0.476,0.051,54.825,0.0,0.182,0.019,870.001,3.015,71.482,11.058,2.28,7.099,0.001,9.081,0.03,0.009,0.064
305,SJA7675000,2017,1.668,0.351,930164575.0,17.46,0.476,0.051,54.825,0.0,0.182,0.019,818.551,3.015,71.482,11.058,2.28,7.099,0.001,9.081,0.03,0.009,0.064
306,SJA7675000,2018,1.222,0.351,930164575.0,17.46,0.476,0.051,54.825,0.0,0.182,0.019,582.968,3.015,71.482,11.058,2.28,7.099,0.001,9.081,0.03,0.009,0.064
307,SJA7675000,2019,1.405,0.351,930164575.0,17.46,0.476,0.051,54.825,0.0,0.182,0.019,704.178,3.015,71.482,11.058,2.28,7.099,0.001,9.081,0.03,0.009,0.064
308,SJA7675000,2020,1.29,0.351,930164575.0,17.46,0.476,0.051,54.825,0.0,0.182,0.019,706.278,3.015,71.482,11.058,2.28,7.099,0.001,9.081,0.03,0.009,0.064
309,SJA7693000,2017,1.915,0.218,410340350.0,35.493,0.647,0.024,23.639,1.0,0.15,0.016,868.862,1.558,44.23,20.277,0.986,14.006,0.001,9.592,0.015,0.005,0.075
310,SJA7702000,2017,1.54,0.172,177863850.0,21.53,0.77,0.019,46.876,0.997,0.001,0.008,854.001,1.087,63.119,15.35,0.969,7.832,0.001,9.763,0.005,0.001,0.023
311,SJA7837000,2016,3.717,0.293,310042550.0,24.17,0.401,0.086,40.121,0.419,0.077,0.044,748.686,6.022,58.915,16.916,1.284,9.666,0.001,9.724,0.111,0.007,0.058
312,SJA7837000,2017,2.983,0.293,310042550.0,24.17,0.401,0.086,40.121,0.419,0.077,0.044,841.218,6.022,58.915,16.916,1.284,9.666,0.001,9.724,0.111,0.007,0.058
313,SJA7837000,2018,2.249,0.293,310042550.0,24.17,0.401,0.086,40.121,0.419,0.077,0.044,571.924,6.022,58.915,16.916,1.284,9.666,0.001,9.724,0.111,0.007,0.058
314,SJA7837000,2019,2.616,0.293,310042550.0,24.17,0.401,0.086,40.121,0.419,0.077,0.044,843.22,6.022,58.915,16.916,1.284,9.666,0.001,9.724,0.111,0.007,0.058
315,SJA7837000,2020,2.783,0.293,310042550.0,24.17,0.401,0.086,40.121,0.419,0.077,0.044,824.864,6.022,58.915,16.916,1.284,9.666,0.001,9.724,0.111,0.007,0.058
316,SJA7946000,2016,4.217,0.368,894086000.0,27.183,0.485,0.033,19.024,1.0,0.146,0.017,823.586,4.568,53.147,19.669,1.197,10.088,0.0,10.003,0.018,0.008,0.07
317,SJA7946000,2017,3.65,0.368,894086000.0,27.183,0.485,0.033,19.024,1.0,0.146,0.017,828.3,4.568,53.147,19.669,1.197,10.088,0.0,10.003,0.018,0.008,0.07
318,SJA7946000,2018,4.125,0.368,894086000.0,27.183,0.485,0.033,19.024,1.0,0.146,0.017,565.215,4.568,53.147,19.669,1.197,10.088,0.0,10.003,0.018,0.008,0.07
319,SJA7946000,2019,3.575,0.368,894086000.0,27.183,0.485,0.033,19.024,1.0,0.146,0.017,741.314,4.568,53.147,19.669,1.197,10.088,0.0,10.003,0.018,0.008,0.07
320,SJA7946000,2020,3.95,0.368,894086000.0,27.183,0.485,0.033,19.024,1.0,0.146,0.017,781.729,4.568,53.147,19.669,1.197,10.088,0.0,10.003,0.018,0.008,0.07
321,SJA7982000,2016,2.783,0.316,7823195575.0,25.731,0.474,0.049,30.697,0.351,0.089,0.018,832.911,3.503,57.229,17.039,1.653,9.518,0.001,9.583,0.024,0.046,0.061
322,SJA7982000,2017,1.975,0.316,7823195575.0,25.731,0.474,0.049,30.697,0.351,0.089,0.018,828.716,3.503,57.229,17.039,1.653,9.518,0.001,9.583,0.024,0.046,0.061
323,SJA7982000,2018,1.62,0.316,7823195575.0,25.731,0.474,0.049,30.697,0.351,0.089,0.018,561.3,3.503,57.229,17.039,1.653,9.518,0.001,9.583,0.024,0.046,0.061
324,SJA7982000,2019,2.02,0.316,7823195575.0,25.731,0.474,0.049,30.697,0.351,0.089,0.018,728.183,3.503,57.229,17.039,1.653,9.518,0.001,9.583,0.024,0.046,0.061
325,SJA7982000,2020,2.4,0.316,7823195575.0,25.731,0.474,0.049,30.697,0.351,0.089,0.018,755.71,3.503,57.229,17.039,1.653,9.518,0.001,9.583,0.024,0.046,0.061
326,SJA8007000,2016,3.067,0.323,8513911250.0,25.182,0.464,0.053,31.651,0.322,0.085,0.019,834.939,3.551,58.159,16.659,1.709,9.288,0.001,9.549,0.027,0.044,0.058
327,SJA8007000,2017,2.147,0.323,8513911250.0,25.182,0.464,0.053,31.651,0.322,0.085,0.019,826.296,3.551,58.159,16.659,1.709,9.288,0.001,9.549,0.027,0.044,0.058
328,SJA8007000,2018,1.895,0.323,8513911250.0,25.182,0.464,0.053,31.651,0.322,0.085,0.019,561.584,3.551,58.159,16.659,1.709,9.288,0.001,9.549,0.027,0.044,0.058
329,SJA8007000,2019,2.337,0.323,8513911250.0,25.182,0.464,0.053,31.651,0.322,0.085,0.019,725.491,3.551,58.159,16.659,1.709,9.288,0.001,9.549,0.027,0.044,0.058
330,SJA8007000,2020,2.517,0.323,8513911250.0,25.182,0.464,0.053,31.651,0.322,0.085,0.019,752.218,3.551,58.159,16.659,1.709,9.288,0.001,9.549,0.027,0.044,0.058
331,SJA8127000,2016,1.301,0.086,151256900.0,29.672,0.737,0.025,57.067,0.996,0.009,0.012,909.226,0.117,57.387,12.941,1.485,13.005,0.0,9.732,0.006,0.005,0.129
332,SJA8127000,2017,1.055,0.086,151256900.0,29.672,0.737,0.025,57.067,0.996,0.009,0.012,839.933,0.117,57.387,12.941,1.485,13.005,0.0,9.732,0.006,0.005,0.129
333,SJA8127000,2018,0.808,0.086,151256900.0,29.672,0.737,0.025,57.067,0.996,0.009,0.012,617.152,0.117,57.387,12.941,1.485,13.005,0.0,9.732,0.006,0.005,0.129
334,SJA8127000,2019,0.992,0.086,151256900.0,29.672,0.737,0.025,57.067,0.996,0.009,0.012,780.398,0.117,57.387,12.941,1.485,13.005,0.0,9.732,0.006,0.005,0.129
335,SJA8127000,2020,0.988,0.086,151256900.0,29.672,0.737,0.025,57.067,0.996,0.009,0.012,778.618,0.117,57.387,12.941,1.485,13.005,0.0,9.732,0.006,0.005,0.129
336,SJA8190000,2019,1.6,0.167,782198325.0,24.793,0.619,0.042,41.543,0.712,0.028,0.047,730.05,4.455,56.908,18.299,1.124,10.388,0.0,9.821,0.026,0.008,0.09
337,SJA8190000,2020,0.94,0.167,782198325.0,24.793,0.619,0.042,41.543,0.712,0.028,0.047,732.613,4.455,56.908,18.299,1.124,10.388,0.0,9.821,0.026,0.008,0.09
338,SJA8211000,2016,3.375,0.208,396949650.0,18.523,0.729,0.029,48.721,1.0,0.076,0.012,862.71,2.482,66.871,14.606,0.917,7.186,0.0,10.085,0.012,0.002,0.009
339,SJA8211000,2017,2.637,0.208,396949650.0,18.523,0.729,0.029,48.721,1.0,0.076,0.012,788.887,2.482,66.871,14.606,0.917,7.186,0.0,10.085,0.012,0.002,0.009
340,SJA8211000,2018,3.55,0.208,396949650.0,18.523,0.729,0.029,48.721,1.0,0.076,0.012,558.193,2.482,66.871,14.606,0.917,7.186,0.0,10.085,0.012,0.002,0.009
341,SJA8211000,2019,3.375,0.208,396949650.0,18.523,0.729,0.029,48.721,1.0,0.076,0.012,708.064,2.482,66.871,14.606,0.917,7.186,0.0,10.085,0.012,0.002,0.009
342,SJA8211000,2020,3.429,0.208,396949650.0,18.523,0.729,0.029,48.721,1.0,0.076,0.012,741.971,2.482,66.871,14.606,0.917,7.186,0.0,10.085,0.012,0.002,0.009
343,SJA8291000,2017,2.175,0.364,539352850.0,28.134,0.498,0.038,16.116,0.698,0.102,0.016,831.932,2.813,51.99,19.876,1.052,10.334,0.001,10.111,0.02,0.004,0.059
344,SJA8358000,2016,8.017,0.583,39670375.0,15.886,0.319,0.034,24.417,1.0,0.21,0.021,818.19,7.426,67.366,16.748,1.29,4.619,0.0,10.079,0.027,0.001,0.015
345,SJA8358000,2017,5.85,0.583,39670375.0,15.886,0.319,0.034,24.417,1.0,0.21,0.021,859.426,7.426,67.366,16.748,1.29,4.619,0.0,10.079,0.027,0.001,0.015
346,SJA8358000,2018,6.225,0.583,39670375.0,15.886,0.319,0.034,24.417,1.0,0.21,0.021,565.099,7.426,67.366,16.748,1.29,4.619,0.0,10.079,0.027,0.001,0.015
347,SJA8358000,2019,8.875,0.583,39670375.0,15.886,0.319,0.034,24.417,1.0,0.21,0.021,791.467,7.426,67.366,16.748,1.29,4.619,0.0,10.079,0.027,0.001,0.015
348,SJA8358000,2020,7.975,0.583,39670375.0,15.886,0.319,0.034,24.417,1.0,0.21,0.021,832.654,7.426,67.366,16.748,1.29,4.619,0.0,10.079,0.027,0.001,0.015
349,SJA8431000,2017,0.828,0.069,573304375.0,20.579,0.224,0.023,56.034,0.13,0.014,0.009,895.868,2.548,65.385,14.035,3.617,7.821,0.0,8.046,0.006,0.005,0.021
350,SJA8438000,2017,1.368,0.121,534082875.0,19.965,0.723,0.037,63.361,0.002,0.079,0.027,899.567,4.476,66.918,13.117,0.936,8.342,0.001,9.834,0.012,0.004,0.061
351,SJA8438000,2018,1.453,0.121,534082875.0,19.965,0.723,0.037,63.361,0.002,0.079,0.027,580.23,4.476,66.918,13.117,0.936,8.342,0.001,9.834,0.012,0.004,0.061
352,SJA8438000,2019,1.19,0.121,534082875.0,19.965,0.723,0.037,63.361,0.002,0.079,0.027,834.201,4.476,66.918,13.117,0.936,8.342,0.001,9.834,0.012,0.004,0.061
353,SJA8438000,2020,1.17,0.121,534082875.0,19.965,0.723,0.037,63.361,0.002,0.079,0.027,872.345,4.476,66.918,13.117,0.936,8.342,0.001,9.834,0.012,0.004,0.061
354,SJA8444000,2016,1.165,0.138,155791275.0,25.4,0.708,0.025,32.269,0.877,0.036,0.014,794.617,2.458,56.322,18.277,0.792,9.615,0.0,9.751,0.008,0.002,0.105
355,SJA8444000,2017,1.042,0.138,155791275.0,25.4,0.708,0.025,32.269,0.877,0.036,0.014,883.652,2.458,56.322,18.277,0.792,9.615,0.0,9.751,0.008,0.002,0.105
356,SJA8444000,2018,1.345,0.138,155791275.0,25.4,0.708,0.025,32.269,0.877,0.036,0.014,579.111,2.458,56.322,18.277,0.792,9.615,0.0,9.751,0.008,0.002,0.105
357,SJA8444000,2019,1.348,0.138,155791275.0,25.4,0.708,0.025,32.269,0.877,0.036,0.014,850.543,2.458,56.322,18.277,0.792,9.615,0.0,9.751,0.008,0.002,0.105
358,SJA8444000,2020,1.198,0.138,155791275.0,25.4,0.708,0.025,32.269,0.877,0.036,0.014,890.82,2.458,56.322,18.277,0.792,9.615,0.0,9.751,0.008,0.002,0.105
359,SJA8483000,2016,2.475,0.285,5128295375.0,24.802,0.545,0.042,34.315,0.517,0.123,0.02,809.901,2.428,57.366,17.832,1.162,9.426,0.001,9.826,0.021,0.007,0.079
360,SJA8483000,2017,2.151,0.285,5128295375.0,24.802,0.545,0.042,34.315,0.517,0.123,0.02,866.349,2.428,57.366,17.832,1.162,9.426,0.001,9.826,0.021,0.007,0.079
361,SJA8483000,2018,2.045,0.285,5128295375.0,24.802,0.545,0.042,34.315,0.517,0.123,0.02,560.369,2.428,57.366,17.832,1.162,9.426,0.001,9.826,0.021,0.007,0.079
362,SJA8483000,2019,2.022,0.285,5128295375.0,24.802,0.545,0.042,34.315,0.517,0.123,0.02,774.509,2.428,57.366,17.832,1.162,9.426,0.001,9.826,0.021,0.007,0.079
363,SJA8483000,2020,2.317,0.285,5128295375.0,24.802,0.545,0.042,34.315,0.517,0.123,0.02,835.35,2.428,57.366,17.832,1.162,9.426,0.001,9.826,0.021,0.007,0.079
364,SJA8617000,2017,3.675,0.346,561187200.0,31.979,0.499,0.045,13.616,1.0,0.125,0.018,859.618,4.266,45.283,22.738,1.034,12.03,0.0,9.993,0.026,0.002,0.065
365,SJA8617000,2018,3.0,0.346,561187200.0,31.979,0.499,0.045,13.616,1.0,0.125,0.018,564.617,4.266,45.283,22.738,1.034,12.03,0.0,9.993,0.026,0.002,0.065
366,SJA8617000,2019,2.575,0.346,561187200.0,31.979,0.499,0.045,13.616,1.0,0.125,0.018,775.921,4.266,45.283,22.738,1.034,12.03,0.0,9.993,0.026,0.002,0.065
367,SJA8623000,2017,2.125,0.289,105917800.0,27.431,0.413,0.041,21.529,1.0,0.049,0.037,877.437,3.303,52.171,20.398,1.246,12.517,0.001,9.639,0.052,0.007,0.16
368,SJA8673000,2019,1.665,0.233,57026325.0,36.708,0.354,0.046,12.656,1.0,0.122,0.01,835.709,2.892,42.581,20.71,0.965,16.141,0.001,9.71,0.018,0.004,0.336
369,SJA8724000,2019,2.5,0.06,99466200.0,37.753,0.692,0.051,30.68,0.987,0.015,0.082,875.163,8.808,44.568,17.679,1.332,14.579,0.0,9.38,0.037,0.006,0.071
370,SJA8841000,2016,2.94,0.29,531827250.0,22.15,0.576,0.053,50.042,0.856,0.113,0.016,886.017,5.223,64.395,13.455,1.416,8.971,0.0,9.788,0.015,0.004,0.046
371,SJA8841000,2017,2.383,0.29,531827250.0,22.15,0.576,0.053,50.042,0.856,0.113,0.016,809.923,5.223,64.395,13.455,1.416,8.971,0.0,9.788,0.015,0.004,0.046
372,SJA8841000,2018,2.825,0.29,531827250.0,22.15,0.576,0.053,50.042,0.856,0.113,0.016,566.24,5.223,64.395,13.455,1.416,8.971,0.0,9.788,0.015,0.004,0.046
373,SJA8841000,2019,2.783,0.29,531827250.0,22.15,0.576,0.053,50.042,0.856,0.113,0.016,740.472,5.223,64.395,13.455,1.416,8.971,0.0,9.788,0.015,0.004,0.046
374,SJA8841000,2020,3.335,0.29,531827250.0,22.15,0.576,0.053,50.042,0.856,0.113,0.016,758.329,5.223,64.395,13.455,1.416,8.971,0.0,9.788,0.015,0.004,0.046
375,SJA8884000,2020,3.3,0.242,1930662856.25,29.254,0.541,0.049,35.416,0.847,0.063,0.026,831.626,4.551,53.752,16.993,1.278,11.865,0.0,9.728,0.025,0.01,0.106
376,SJA8888000,2017,1.208,0.021,12620575.0,31.5,0.667,0.029,40.976,0.072,0.0,0.035,883.015,0.459,51.66,16.84,0.991,13.934,0.001,9.302,0.028,0.01,0.211
377,SJA8950000,2017,3.275,0.448,220221100.0,23.694,0.428,0.056,13.49,1.0,0.237,0.017,851.169,5.806,51.543,24.763,1.115,7.922,0.0,10.148,0.023,0.002,0.027
378,SJA8988000,2017,0.858,0.159,188967450.0,19.528,0.507,0.067,53.547,0.34,0.027,0.014,886.808,2.618,68.282,12.189,4.086,8.0,0.001,7.878,0.016,0.007,0.045
379,SJA9031000,2019,2.992,0.289,498617225.0,22.206,0.585,0.047,49.238,0.857,0.118,0.016,737.368,4.702,64.314,13.48,1.423,8.884,0.0,9.793,0.014,0.003,0.046
380,SJA9031000,2020,3.444,0.289,498617225.0,22.206,0.585,0.047,49.238,0.857,0.118,0.016,756.155,4.702,64.314,13.48,1.423,8.884,0.0,9.793,0.014,0.003,0.046
381,SJA9059000,2017,0.878,0.201,469818575.0,25.165,0.555,0.078,45.366,0.138,0.075,0.019,876.039,2.1,61.005,13.83,2.898,9.889,0.001,8.77,0.016,0.006,0.051
382,SJA9092000,2019,9.308,0.651,70470300.0,18.342,0.21,0.049,20.626,0.821,0.763,0.034,749.997,7.656,61.549,20.109,1.812,5.079,0.0,9.708,0.049,0.003,0.004
383,SJA9092000,2020,8.982,0.651,70470300.0,18.342,0.21,0.049,20.626,0.821,0.763,0.034,764.663,7.656,61.549,20.109,1.812,5.079,0.0,9.708,0.049,0.003,0.004
384,SJA9097000,2017,1.478,0.503,121628675.0,18.19,0.323,0.061,28.928,0.0,0.059,0.032,872.131,4.134,67.965,13.844,2.39,5.785,0.001,9.304,0.045,0.008,0.029
385,SJA9117000,2017,1.656,0.192,419916050.0,34.243,0.305,0.043,21.617,0.996,0.019,0.017,856.288,1.833,43.892,21.864,0.796,17.023,0.0,9.988,0.018,0.012,0.414
386,SJA9143000,2016,2.1,0.472,45712050.0,26.631,0.319,0.056,27.22,0.97,0.818,0.015,852.421,7.276,60.43,12.939,1.517,9.362,0.0,10.092,0.04,0.087,0.011
387,SJA9197000,2020,1.362,0.001,20294425.0,28.305,0.775,0.007,71.377,0.217,0.0,0.021,810.763,1.544,60.172,11.523,1.144,13.443,0.001,10.261,0.002,0.003,0.191
388,SJA9270000,2016,3.975,0.425,124398975.0,23.478,0.473,0.043,13.705,1.0,0.15,0.01,798.204,6.021,55.439,21.08,1.083,7.499,0.001,10.138,0.021,0.002,0.025
389,SJA9316000,2016,1.8,0.12,134208450.0,18.009,0.653,0.056,87.824,0.685,0.019,0.021,825.178,7.054,71.235,10.755,1.291,9.862,0.001,9.769,0.019,0.003,0.128
390,SJA9316000,2017,1.178,0.12,134208450.0,18.009,0.653,0.056,87.824,0.685,0.019,0.021,833.655,7.054,71.235,10.755,1.291,9.862,0.001,9.769,0.019,0.003,0.128
391,SJA9316000,2018,0.934,0.12,134208450.0,18.009,0.653,0.056,87.824,0.685,0.019,0.021,572.833,7.054,71.235,10.755,1.291,9.862,0.001,9.769,0.019,0.003,0.128
392,SJA9316000,2019,1.219,0.12,134208450.0,18.009,0.653,0.056,87.824,0.685,0.019,0.021,819.612,7.054,71.235,10.755,1.291,9.862,0.001,9.769,0.019,0.003,0.128
393,SJA9316000,2020,2.068,0.12,134208450.0,18.009,0.653,0.056,87.824,0.685,0.019,0.021,829.833,7.054,71.235,10.755,1.291,9.862,0.001,9.769,0.019,0.003,0.128
394,SJA9341000,2019,1.925,0.35,369766425.0,27.268,0.406,0.041,19.683,1.0,0.153,0.02,820.923,3.35,50.809,21.923,1.081,11.022,0.0,9.802,0.028,0.005,0.149
395,SJA9348000,2017,0.822,0.106,82943800.0,22.838,0.687,0.059,34.523,0.0,0.013,0.019,857.233,1.079,61.556,15.605,2.027,7.865,0.0,9.158,0.008,0.011,0.045
396,SJA9399000,2018,1.055,0.0,14439050.0,36.486,0.441,0.0,39.282,1.0,0.0,0.0,647.209,0.372,45.414,18.1,0.602,19.542,0.0,10.343,0.0,0.004,0.555
397,SJA9430000,2017,1.38,0.283,5315513675.0,24.879,0.543,0.042,34.327,0.507,0.119,0.02,866.561,2.445,57.261,17.86,1.15,9.483,0.001,9.829,0.02,0.007,0.083
398,SJA9468000,2016,0.795,0.186,106142050.0,18.346,0.605,0.091,51.465,0.292,0.023,0.038,885.839,4.476,69.867,11.786,4.788,7.148,0.001,7.598,0.024,0.02,0.036
399,SJA9520000,2019,1.328,0.08,47841300.0,19.623,0.864,0.012,74.585,1.0,0.002,0.006,844.509,2.067,71.176,9.202,1.059,7.562,0.0,9.289,0.004,0.001,0.031
400,SJA9544000,2016,6.725,0.514,106324850.0,14.107,0.345,0.043,25.416,0.978,0.126,0.034,859.326,8.977,65.983,19.91,1.644,3.94,0.0,9.805,0.062,0.001,0.0
401,SJA9544000,2019,7.3,0.514,106324850.0,14.107,0.345,0.043,25.416,0.978,0.126,0.034,753.134,8.977,65.983,19.91,1.644,3.94,0.0,9.805,0.062,0.001,0.0
402,SJA9544000,2020,8.725,0.514,106324850.0,14.107,0.345,0.043,25.416,0.978,0.126,0.034,769.627,8.977,65.983,19.91,1.644,3.94,0.0,9.805,0.062,0.001,0.0
403,SJA9574000,2020,2.525,0.247,175563225.0,23.944,0.51,0.112,47.772,0.779,0.058,0.019,769.255,5.568,60.988,15.068,1.33,10.808,0.001,9.815,0.015,0.004,0.094
404,SJA9587000,2017,2.425,0.446,45491825.0,24.615,0.38,0.072,30.911,0.0,0.044,0.032,855.409,3.183,61.202,14.183,1.547,8.954,0.001,9.888,0.06,0.007,0.003
405,SJA9609000,2017,1.525,0.112,195025350.0,25.973,0.75,0.027,24.775,0.568,0.014,0.009,876.877,1.158,53.442,20.586,0.793,9.772,0.0,9.532,0.011,0.003,0.089
406,SJA9800000,2020,1.602,0.297,7665775.0,8.683,0.493,0.077,107.419,0.697,1.01,0.055,830.52,7.423,82.12,9.197,1.55,4.634,0.001,9.513,0.067,0.006,0.005
407,SJA9895000,2016,2.575,0.561,40587025.0,14.387,0.333,0.031,21.467,1.0,0.047,0.025,844.875,8.491,66.905,18.708,1.474,3.611,0.0,10.056,0.037,0.012,0.0
408,SJA9895000,2017,3.525,0.561,40587025.0,14.387,0.333,0.031,21.467,1.0,0.047,0.025,827.359,8.491,66.905,18.708,1.474,3.611,0.0,10.056,0.037,0.012,0.0
409,SJA9895000,2018,4.467,0.561,40587025.0,14.387,0.333,0.031,21.467,1.0,0.047,0.025,564.767,8.491,66.905,18.708,1.474,3.611,0.0,10.056,0.037,0.012,0.0
410,SJA9895000,2019,3.7,0.561,40587025.0,14.387,0.333,0.031,21.467,1.0,0.047,0.025,757.803,8.491,66.905,18.708,1.474,3.611,0.0,10.056,0.037,0.012,0.0
411,SJA9895000,2020,2.425,0.561,40587025.0,14.387,0.333,0.031,21.467,1.0,0.047,0.025,783.413,8.491,66.905,18.708,1.474,3.611,0.0,10.056,0.037,0.012,0.0
412,SJA9900000,2016,1.628,0.182,807141375.0,24.367,0.604,0.046,41.811,0.713,0.031,0.047,908.574,4.713,57.259,18.374,1.133,10.227,0.0,9.827,0.026,0.008,0.087
413,SJA9900000,2017,1.302,0.182,807141375.0,24.367,0.604,0.046,41.811,0.713,0.031,0.047,797.762,4.713,57.259,18.374,1.133,10.227,0.0,9.827,0.026,0.008,0.087
414,SJA9900000,2018,1.12,0.182,807141375.0,24.367,0.604,0.046,41.811,0.713,0.031,0.047,571.58,4.713,57.259,18.374,1.133,10.227,0.0,9.827,0.026,0.008,0.087
415,SJA9900000,2019,1.291,0.182,807141375.0,24.367,0.604,0.046,41.811,0.713,0.031,0.047,729.998,4.713,57.259,18.374,1.133,10.227,0.0,9.827,0.026,0.008,0.087
416,SJA9900000,2020,1.36,0.182,807141375.0,24.367,0.604,0.046,41.811,0.713,0.031,0.047,732.563,4.713,57.259,18.374,1.133,10.227,0.0,9.827,0.026,0.008,0.087
417,SJA9948000,2020,2.03,0.162,66916450.0,34.66,0.632,0.025,54.43,0.998,0.01,0.032,847.17,2.451,52.478,12.862,1.373,14.757,0.001,9.564,0.006,0.005,0.138
418,SJA9977000,2016,1.009,0.186,750626075.0,16.115,0.397,0.057,60.917,0.185,0.015,0.019,863.596,2.602,72.41,11.475,3.748,5.968,0.001,8.413,0.015,0.007,0.026
419,SJA9977000,2017,1.0,0.186,750626075.0,16.115,0.397,0.057,60.917,0.185,0.015,0.019,869.51,2.602,72.41,11.475,3.748,5.968,0.001,8.413,0.015,0.007,0.026
420,SJA9977000,2018,0.892,0.186,750626075.0,16.115,0.397,0.057,60.917,0.185,0.015,0.019,592.962,2.602,72.41,11.475,3.748,5.968,0.001,8.413,0.015,0.007,0.026
421,SJA9977000,2019,0.784,0.186,750626075.0,16.115,0.397,0.057,60.917,0.185,0.015,0.019,771.025,2.602,72.41,11.475,3.748,5.968,0.001,8.413,0.015,0.007,0.026
422,SJA9977000,2020,0.823,0.186,750626075.0,16.115,0.397,0.057,60.917,0.185,0.015,0.019,744.598,2.602,72.41,11.475,3.748,5.968,0.001,8.413,0.015,0.007,0.026
423,SJB1789000,2017,0.612,0.429,2798600.0,16.672,0.337,0.069,46.989,0.0,0.139,0.043,862.627,3.592,73.646,9.683,4.522,5.97,0.001,8.402,0.06,0.005,0.057
424,SJB1790000,2017,0.888,0.509,64149425.0,18.924,0.278,0.069,31.936,0.0,0.072,0.027,867.321,3.799,66.806,14.27,2.218,6.121,0.001,9.191,0.044,0.045,0.027
425,SJB1791000,2017,1.412,0.45,16849950.0,17.939,0.32,0.126,34.804,0.0,0.037,0.033,866.039,3.306,68.856,13.206,3.482,5.98,0.001,8.543,0.028,0.009,0.033
426,SJB1793000,2017,2.102,0.291,38476375.0,28.913,0.623,0.015,10.63,1.0,0.0,0.008,847.332,1.779,48.237,22.85,0.707,10.754,0.0,10.041,0.006,0.001,0.055
427,SJB1797000,2016,2.95,0.415,25280525.0,20.985,0.486,0.048,37.459,0.0,0.266,0.01,807.501,6.211,64.255,14.76,1.55,6.939,0.0,9.834,0.019,0.004,0.019
428,SJB1800000,2016,0.835,0.295,37055375.0,19.97,0.448,0.125,32.34,0.0,0.058,0.026,875.304,3.882,64.94,15.089,4.47,6.953,0.001,7.72,0.024,0.039,0.042
429,SJB1801000,2016,0.722,0.348,9772100.0,20.34,0.373,0.127,27.407,0.0,0.152,0.022,875.747,6.353,62.846,16.814,5.141,6.965,0.001,7.579,0.034,0.051,0.045
430,SJB1802000,2016,2.375,0.524,27956300.0,15.898,0.261,0.092,35.003,0.0,0.022,0.014,875.827,3.728,71.5,12.603,2.951,4.916,0.001,8.647,0.048,0.042,0.019
431,SJB1803000,2016,1.182,0.271,49953025.0,22.36,0.48,0.026,48.428,0.0,0.222,0.016,837.341,1.998,64.795,12.845,1.385,10.52,0.001,9.429,0.018,0.002,0.188
432,SJB2189000,2018,0.958,0.025,12399375.0,8.694,0.928,0.022,88.709,1.0,0.025,0.005,575.725,3.973,84.068,7.238,0.703,5.8,0.0,9.389,0.01,0.0,0.01
433,SJB2190000,2018,0.698,0.008,12693150.0,11.524,0.893,0.041,117.303,1.0,0.0,0.004,631.916,14.677,82.244,6.232,0.975,7.303,0.0,9.273,0.018,0.001,0.035
434,SJB2195000,2018,1.825,0.0,8575725.0,34.552,0.876,0.0,71.528,0.788,0.0,0.0,635.359,9.135,54.257,11.191,0.96,16.038,0.001,9.068,0.0,0.022,0.102
435,SJB2196000,2018,1.788,0.0,14488450.0,28.672,0.897,0.001,83.446,0.689,0.0,0.006,635.572,7.046,60.994,10.334,1.095,13.804,0.0,8.934,0.006,0.014,0.076
436,SJB2200000,2018,0.738,0.0,3386425.0,22.416,0.958,0.01,95.876,1.0,0.0,0.0,,2.343,70.508,7.075,1.563,11.079,0.001,8.716,0.003,0.0,0.029
437,SJB2201000,2018,1.212,0.045,8212750.0,17.017,0.908,0.01,107.408,1.0,0.0,0.007,,1.027,76.516,6.467,1.263,8.684,0.001,8.895,0.005,0.001,0.024
438,SJB2204000,2018,1.232,0.0,7884750.0,20.776,0.931,0.0,96.649,1.0,0.0,0.011,639.631,1.613,70.536,8.688,1.121,10.428,0.0,8.908,0.001,0.0,0.057
439,SJB2900000,2018,0.92,0.017,16211200.0,44.187,0.515,0.013,42.534,1.0,0.0,0.032,569.485,1.544,39.979,15.834,0.895,20.483,0.0,9.583,0.005,0.002,0.417
440,SJB2901000,2018,0.975,0.016,17853150.0,40.518,0.533,0.012,65.586,1.0,0.0,0.05,570.767,2.589,44.731,14.751,1.087,19.087,0.0,9.474,0.007,0.003,0.379
441,SJB2902000,2018,0.732,0.008,33853475.0,40.757,0.48,0.01,53.883,1.0,0.0,0.032,567.456,1.409,43.094,16.149,0.951,19.815,0.0,9.476,0.008,0.007,0.455
442,SJB2951000,2017,2.0,0.012,29728700.0,28.817,0.8,0.023,31.204,0.031,0.0,0.026,882.898,0.341,53.93,17.253,0.869,10.476,0.001,9.331,0.032,0.005,0.102
443,SJB2952000,2017,4.65,0.017,4168925.0,38.418,0.682,0.034,35.879,0.0,0.0,0.043,882.952,0.069,45.77,15.812,0.922,12.957,0.001,9.332,0.136,0.002,0.087
444,SJB2955000,2016,1.015,0.387,28517525.0,30.542,0.366,0.051,25.952,1.0,1.104,0.014,852.56,6.633,56.461,12.997,1.161,10.964,0.0,10.462,0.029,0.137,0.015
445,SJB2956000,2016,1.078,0.372,10121300.0,14.326,0.268,0.084,33.699,0.0,0.039,0.05,850.758,4.5,73.5,12.174,4.293,4.498,0.001,8.547,0.165,0.03,0.031
446,SJB2957000,2016,1.685,0.526,21954375.0,13.938,0.223,0.073,30.042,0.0,0.058,0.038,850.866,5.527,72.576,13.485,3.151,3.992,0.001,9.099,0.105,0.017,0.018
447,SJB2962000,2016,3.375,0.531,61123250.0,21.929,0.345,0.067,21.993,0.0,0.363,0.022,839.348,4.849,61.393,16.678,1.921,6.845,0.0,9.085,0.032,0.002,0.003
448,SJB2963000,2016,4.452,0.494,87106575.0,13.823,0.394,0.035,25.593,0.983,0.154,0.027,858.566,8.148,66.474,19.703,1.641,3.901,0.0,9.791,0.049,0.001,0.0
449,SJB2963000,2019,7.2,0.494,87106575.0,13.823,0.394,0.035,25.593,0.983,0.154,0.027,752.041,8.148,66.474,19.703,1.641,3.901,0.0,9.791,0.049,0.001,0.0
450,SJB2963000,2020,8.175,0.494,87106575.0,13.823,0.394,0.035,25.593,0.983,0.154,0.027,769.112,8.148,66.474,19.703,1.641,3.901,0.0,9.791,0.049,0.001,0.0
451,SJB2964000,2016,7.05,0.636,18355275.0,15.512,0.127,0.081,24.545,0.987,0.001,0.056,861.972,13.068,63.549,20.939,1.61,4.135,0.0,9.926,0.099,0.002,0.0
452,SJB2964000,2019,7.6,0.636,18355275.0,15.512,0.127,0.081,24.545,0.987,0.001,0.056,757.931,13.068,63.549,20.939,1.61,4.135,0.0,9.926,0.099,0.002,0.0
453,SJB2964000,2020,9.188,0.636,18355275.0,15.512,0.127,0.081,24.545,0.987,0.001,0.056,771.758,13.068,63.549,20.939,1.61,4.135,0.0,9.926,0.099,0.002,0.0
454,SJB2968000,2016,1.348,0.54,4404100.0,12.999,0.325,0.045,30.744,0.0,0.002,0.022,832.419,4.921,74.208,12.793,1.58,2.816,0.001,9.887,0.054,0.011,0.003
455,SJB2969000,2016,2.675,0.642,9395425.0,19.036,0.245,0.039,28.969,0.0,0.001,0.019,833.797,3.807,68.211,12.753,1.484,5.539,0.001,9.88,0.048,0.006,0.001
456,SJB2983000,2018,0.662,0.011,37465850.0,38.881,0.497,0.017,56.644,1.0,0.001,0.033,568.996,1.5,45.509,15.61,1.071,19.013,0.0,9.407,0.012,0.006,0.423
457,SJB2984000,2018,0.98,0.182,60075425.0,35.169,0.465,0.029,45.625,1.0,0.09,0.032,579.326,3.381,48.046,16.786,1.102,14.771,0.0,9.542,0.018,0.004,0.27
458,SJB2985000,2018,1.13,0.23,73176550.0,33.698,0.455,0.037,40.438,1.0,0.074,0.033,585.438,4.309,48.946,17.357,1.057,13.013,0.0,9.644,0.018,0.004,0.223
459,SJB2986000,2018,1.24,0.283,88702175.0,31.047,0.425,0.042,37.603,1.0,0.187,0.036,589.844,5.278,51.342,17.611,1.063,11.608,0.0,9.699,0.024,0.004,0.186
460,SJB2987000,2018,1.48,0.307,97014625.0,29.51,0.41,0.045,36.578,1.0,0.175,0.039,592.015,5.784,52.963,17.527,1.063,11.049,0.0,9.728,0.027,0.004,0.17
461,SJB3132000,2019,0.478,0.003,13183700.0,20.999,0.864,0.0,94.959,0.132,0.0,0.024,892.702,3.59,69.357,9.644,1.058,9.964,0.0,8.892,0.001,0.0,0.108
462,SJB3136000,2019,0.878,0.001,33326025.0,38.707,0.513,0.001,48.381,0.558,0.0,0.009,882.932,3.215,45.522,15.77,0.511,18.802,0.0,9.826,0.0,0.003,0.473
463,SJB3348000,2019,1.7,0.0,940675.0,,0.115,0.415,,1.0,0.0,0.251,742.086,,,,2.037,,0.0,8.781,0.209,0.01,0.0
464,SJB3348000,2020,1.825,0.0,940675.0,,0.115,0.415,,1.0,0.0,0.251,725.507,,,,2.037,,0.0,8.781,0.209,0.01,0.0
465,SJB3502000,2019,5.347,0.579,18557575.0,25.775,0.322,0.032,40.267,0.875,0.487,0.017,773.796,8.719,57.976,16.249,0.924,8.993,0.0,10.334,0.023,0.003,0.025
466,SJB3502000,2020,5.596,0.579,18557575.0,25.775,0.322,0.032,40.267,0.875,0.487,0.017,786.409,8.719,57.976,16.249,0.924,8.993,0.0,10.334,0.023,0.003,0.025
467,SJB3503000,2020,8.225,0.537,112294125.0,22.755,0.304,0.083,14.11,0.469,0.015,0.033,781.652,9.007,55.59,21.654,1.292,7.39,0.0,10.033,0.028,0.002,0.014
468,SJB3510000,2019,8.09,0.475,29300575.0,21.45,0.303,0.082,24.142,0.807,0.429,0.015,779.993,8.858,59.238,19.312,1.822,8.315,0.0,9.69,0.025,0.004,0.096
469,SJB3510000,2020,7.049,0.475,29300575.0,21.45,0.303,0.082,24.142,0.807,0.429,0.015,799.462,8.858,59.238,19.312,1.822,8.315,0.0,9.69,0.025,0.004,0.096
